frame_id,video_id,synthetic_class,variant,image_path
001-001_15173,001-001,0,clean,data/e05_synthetic/clean/001-001_15173.png
001-001_15173,001-001,0,pattern_noise,data/e05_synthetic/pattern_noise/001-001_15173.png
001-001_15173,001-001,0,color_shift,data/e05_synthetic/color_shift/001-001_15173.png
001-001_15173,001-001,0,pattern_noise_jitter,data/e05_synthetic/pattern_noise_jitter/001-001_15173.png
001-001_15173,001-001,0,color_shift_jitter,data/e05_synthetic/color_shift_jitter/001-001_15173.png
001-001_15385,001-001,0,clean,data/e05_synthetic/clean/001-001_15385.png
001-001_15385,001-001,0,pattern_noise,data/e05_synthetic/pattern_noise/001-001_15385.png
001-001_15385,001-001,0,color_shift,data/e05_synthetic/color_shift/001-001_15385.png
001-001_15385,001-001,0,pattern_noise_jitter,data/e05_synthetic/pattern_noise_jitter/001-001_15385.png
001-001_15385,001-001,0,color_shift_jitter,data/e05_synthetic/color_shift_jitter/001-001_15385.png
001-001_15818,001-001,2,clean,data/e05_synthetic/clean/001-001_15818.png
001-001_15818,001-001,2,pattern_noise,data/e05_synthetic/pattern_noise/001-001_15818.png
001-001_15818,001-001,2,color_shift,data/e05_synthetic/color_shift/001-001_15818.png
001-001_15818,001-001,2,pattern_noise_jitter,data/e05_synthetic/pattern_noise_jitter/001-001_15818.png
001-001_15818,001-001,2,color_shift_jitter,data/e05_synthetic/color_shift_jitter/001-001_15818.png
001-001_16175,001-001,2,clean,data/e05_synthetic/clean/001-001_16175.png
001-001_16175,001-001,2,pattern_noise,data/e05_synthetic/pattern_noise/001-001_16175.png
001-001_16175,001-001,2,color_shift,data/e05_synthetic/color_shift/001-001_16175.png
001-001_16175,001-001,2,pattern_noise_jitter,data/e05_synthetic/pattern_noise_jitter/001-001_16175.png
001-001_16175,001-001,2,color_shift_jitter,data/e05_synthetic/color_shift_jitter/001-001_16175.png
001-001_16186,001-001,0,clean,data/e05_synthetic/clean/001-001_16186.png
001-001_16186,001-001,0,pattern_noise,data/e05_synthetic/pattern_noise/001-001_16186.png
001-001_16186,001-001,0,color_shift,data/e05_synthetic/color_shift/001-001_16186.png
001-001_16186,001-001,0,pattern_noise_jitter,data/e05_synthetic/pattern_noise_jitter/001-001_16186.png
001-001_16186,001-001,0,color_shift_jitter,data/e05_synthetic/color_shift_jitter/001-001_16186.png
001-001_16363,001-001,1,clean,data/e05_synthetic/clean/001-001_16363.png
001-001_16363,001-001,1,pattern_noise,data/e05_synthetic/pattern_noise/001-001_16363.png
001-001_16363,001-001,1,color_shift,data/e05_synthetic/color_shift/001-001_16363.png
001-001_16363,001-001,1,pattern_noise_jitter,data/e05_synthetic/pattern_noise_jitter/001-001_16363.png
001-001_16363,001-001,1,color_shift_jitter,data/e05_synthetic/color_shift_jitter/001-001_16363.png
001-001_16473,001-001,2,clean,data/e05_synthetic/clean/001-001_16473.png
001-001_16473,001-001,2,pattern_noise,data/e05_synthetic/pattern_noise/001-001_16473.png
001-001_16473,001-001,2,color_shift,data/e05_synthetic/color_shift/001-001_16473.png
001-001_16473,001-001,2,pattern_noise_jitter,data/e05_synthetic/pattern_noise_jitter/001-001_16473.png
001-001_16473,001-001,2,color_shift_jitter,data/e05_synthetic/color_shift_jitter/001-001_16473.png
001-001_16649,001-001,2,clean,data/e05_synthetic/clean/001-001_16649.png
001-001_16649,001-001,2,pattern_noise,data/e05_synthetic/pattern_noise/001-001_16649.png
001-001_16649,001-001,2,color_shift,data/e05_synthetic/color_shift/001-001_16649.png
001-001_16649,001-001,2,pattern_noise_jitter,data/e05_synthetic/pattern_noise_jitter/001-001_16649.png
001-001_16649,001-001,2,color_shift_jitter,data/e05_synthetic/color_shift_jitter/001-001_16649.png
001-001_16683,001-001,3,clean,data/e05_synthetic/clean/001-001_16683.png
001-001_16683,001-001,3,pattern_noise,data/e05_synthetic/pattern_noise/001-001_16683.png
001-001_16683,001-001,3,color_shift,data/e05_synthetic/color_shift/001-001_16683.png
001-001_16683,001-001,3,pattern_noise_jitter,data/e05_synthetic/pattern_noise_jitter/001-001_16683.png
001-001_16683,001-001,3,color_shift_jitter,data/e05_synthetic/color_shift_jitter/001-001_16683.png
001-001_16708,001-001,2,clean,data/e05_synthetic/clean/001-001_16708.png
001-001_16708,001-001,2,pattern_noise,data/e05_synthetic/pattern_noise/001-001_16708.png
001-001_16708,001-001,2,color_shift,data/e05_synthetic/color_shift/001-001_16708.png
001-001_16708,001-001,2,pattern_noise_jitter,data/e05_synthetic/pattern_noise_jitter/001-001_16708.png
001-001_16708,001-001,2,color_shift_jitter,data/e05_synthetic/color_shift_jitter/001-001_16708.png
001-001_16773,001-001,0,clean,data/e05_synthetic/clean/001-001_16773.png
001-001_16773,001-001,0,pattern_noise,data/e05_synthetic/pattern_noise/001-001_16773.png
001-001_16773,001-001,0,color_shift,data/e05_synthetic/color_shift/001-001_16773.png
001-001_16773,001-001,0,pattern_noise_jitter,data/e05_synthetic/pattern_noise_jitter/001-001_16773.png
001-001_16773,001-001,0,color_shift_jitter,data/e05_synthetic/color_shift_jitter/001-001_16773.png
001-001_16804,001-001,0,clean,data/e05_synthetic/clean/001-001_16804.png
001-001_16804,001-001,0,pattern_noise,data/e05_synthetic/pattern_noise/001-001_16804.png
001-001_16804,001-001,0,color_shift,data/e05_synthetic/color_shift/001-001_16804.png
001-001_16804,001-001,0,pattern_noise_jitter,data/e05_synthetic/pattern_noise_jitter/001-001_16804.png
001-001_16804,001-001,0,color_shift_jitter,data/e05_synthetic/color_shift_jitter/001-001_16804.png
001-001_17436,001-001,3,clean,data/e05_synthetic/clean/001-001_17436.png
001-001_17436,001-001,3,pattern_noise,data/e05_synthetic/pattern_noise/001-001_17436.png
001-001_17436,001-001,3,color_shift,data/e05_synthetic/color_shift/001-001_17436.png
001-001_17436,001-001,3,pattern_noise_jitter,data/e05_synthetic/pattern_noise_jitter/001-001_17436.png
001-001_17436,001-001,3,color_shift_jitter,data/e05_synthetic/color_shift_jitter/001-001_17436.png
001-001_17444,001-001,1,clean,data/e05_synthetic/clean/001-001_17444.png
001-001_17444,001-001,1,pattern_noise,data/e05_synthetic/pattern_noise/001-001_17444.png
001-001_17444,001-001,1,color_shift,data/e05_synthetic/color_shift/001-001_17444.png
001-001_17444,001-001,1,pattern_noise_jitter,data/e05_synthetic/pattern_noise_jitter/001-001_17444.png
001-001_17444,001-001,1,color_shift_jitter,data/e05_synthetic/color_shift_jitter/001-001_17444.png
001-001_17489,001-001,0,clean,data/e05_synthetic/clean/001-001_17489.png
001-001_17489,001-001,0,pattern_noise,data/e05_synthetic/pattern_noise/001-001_17489.png
001-001_17489,001-001,0,color_shift,data/e05_synthetic/color_shift/001-001_17489.png
001-001_17489,001-001,0,pattern_noise_jitter,data/e05_synthetic/pattern_noise_jitter/001-001_17489.png
001-001_17489,001-001,0,color_shift_jitter,data/e05_synthetic/color_shift_jitter/001-001_17489.png
001-001_17562,001-001,1,clean,data/e05_synthetic/clean/001-001_17562.png
001-001_17562,001-001,1,pattern_noise,data/e05_synthetic/pattern_noise/001-001_17562.png
001-001_17562,001-001,1,color_shift,data/e05_synthetic/color_shift/001-001_17562.png
001-001_17562,001-001,1,pattern_noise_jitter,data/e05_synthetic/pattern_noise_jitter/001-001_17562.png
001-001_17562,001-001,1,color_shift_jitter,data/e05_synthetic/color_shift_jitter/001-001_17562.png
001-001_18285,001-001,2,clean,data/e05_synthetic/clean/001-001_18285.png
001-001_18285,001-001,2,pattern_noise,data/e05_synthetic/pattern_noise/001-001_18285.png
001-001_18285,001-001,2,color_shift,data/e05_synthetic/color_shift/001-001_18285.png
001-001_18285,001-001,2,pattern_noise_jitter,data/e05_synthetic/pattern_noise_jitter/001-001_18285.png
001-001_18285,001-001,2,color_shift_jitter,data/e05_synthetic/color_shift_jitter/001-001_18285.png
001-001_18505,001-001,2,clean,data/e05_synthetic/clean/001-001_18505.png
001-001_18505,001-001,2,pattern_noise,data/e05_synthetic/pattern_noise/001-001_18505.png
001-001_18505,001-001,2,color_shift,data/e05_synthetic/color_shift/001-001_18505.png
001-001_18505,001-001,2,pattern_noise_jitter,data/e05_synthetic/pattern_noise_jitter/001-001_18505.png
001-001_18505,001-001,2,color_shift_jitter,data/e05_synthetic/color_shift_jitter/001-001_18505.png
001-001_18733,001-001,0,clean,data/e05_synthetic/clean/001-001_18733.png
001-001_18733,001-001,0,pattern_noise,data/e05_synthetic/pattern_noise/001-001_18733.png
001-001_18733,001-001,0,color_shift,data/e05_synthetic/color_shift/001-001_18733.png
001-001_18733,001-001,0,pattern_noise_jitter,data/e05_synthetic/pattern_noise_jitter/001-001_18733.png
001-001_18733,001-001,0,color_shift_jitter,data/e05_synthetic/color_shift_jitter/001-001_18733.png
001-001_18787,001-001,2,clean,data/e05_synthetic/clean/001-001_18787.png
001-001_18787,001-001,2,pattern_noise,data/e05_synthetic/pattern_noise/001-001_18787.png
001-001_18787,001-001,2,color_shift,data/e05_synthetic/color_shift/001-001_18787.png
001-001_18787,001-001,2,pattern_noise_jitter,data/e05_synthetic/pattern_noise_jitter/001-001_18787.png
001-001_18787,001-001,2,color_shift_jitter,data/e05_synthetic/color_shift_jitter/001-001_18787.png
001-001_19064,001-001,0,clean,data/e05_synthetic/clean/001-001_19064.png
001-001_19064,001-001,0,pattern_noise,data/e05_synthetic/pattern_noise/001-001_19064.png
001-001_19064,001-001,0,color_shift,data/e05_synthetic/color_shift/001-001_19064.png
001-001_19064,001-001,0,pattern_noise_jitter,data/e05_synthetic/pattern_noise_jitter/001-001_19064.png
001-001_19064,001-001,0,color_shift_jitter,data/e05_synthetic/color_shift_jitter/001-001_19064.png
001-001_19151,001-001,0,clean,data/e05_synthetic/clean/001-001_19151.png
001-001_19151,001-001,0,pattern_noise,data/e05_synthetic/pattern_noise/001-001_19151.png
001-001_19151,001-001,0,color_shift,data/e05_synthetic/color_shift/001-001_19151.png
001-001_19151,001-001,0,pattern_noise_jitter,data/e05_synthetic/pattern_noise_jitter/001-001_19151.png
001-001_19151,001-001,0,color_shift_jitter,data/e05_synthetic/color_shift_jitter/001-001_19151.png
001-001_19259,001-001,0,clean,data/e05_synthetic/clean/001-001_19259.png
001-001_19259,001-001,0,pattern_noise,data/e05_synthetic/pattern_noise/001-001_19259.png
001-001_19259,001-001,0,color_shift,data/e05_synthetic/color_shift/001-001_19259.png
001-001_19259,001-001,0,pattern_noise_jitter,data/e05_synthetic/pattern_noise_jitter/001-001_19259.png
001-001_19259,001-001,0,color_shift_jitter,data/e05_synthetic/color_shift_jitter/001-001_19259.png
001-001_19397,001-001,2,clean,data/e05_synthetic/clean/001-001_19397.png
001-001_19397,001-001,2,pattern_noise,data/e05_synthetic/pattern_noise/001-001_19397.png
001-001_19397,001-001,2,color_shift,data/e05_synthetic/color_shift/001-001_19397.png
001-001_19397,001-001,2,pattern_noise_jitter,data/e05_synthetic/pattern_noise_jitter/001-001_19397.png
001-001_19397,001-001,2,color_shift_jitter,data/e05_synthetic/color_shift_jitter/001-001_19397.png
001-001_19422,001-001,1,clean,data/e05_synthetic/clean/001-001_19422.png
001-001_19422,001-001,1,pattern_noise,data/e05_synthetic/pattern_noise/001-001_19422.png
001-001_19422,001-001,1,color_shift,data/e05_synthetic/color_shift/001-001_19422.png
001-001_19422,001-001,1,pattern_noise_jitter,data/e05_synthetic/pattern_noise_jitter/001-001_19422.png
001-001_19422,001-001,1,color_shift_jitter,data/e05_synthetic/color_shift_jitter/001-001_19422.png
001-001_19772,001-001,0,clean,data/e05_synthetic/clean/001-001_19772.png
001-001_19772,001-001,0,pattern_noise,data/e05_synthetic/pattern_noise/001-001_19772.png
001-001_19772,001-001,0,color_shift,data/e05_synthetic/color_shift/001-001_19772.png
001-001_19772,001-001,0,pattern_noise_jitter,data/e05_synthetic/pattern_noise_jitter/001-001_19772.png
001-001_19772,001-001,0,color_shift_jitter,data/e05_synthetic/color_shift_jitter/001-001_19772.png
001-001_20124,001-001,0,clean,data/e05_synthetic/clean/001-001_20124.png
001-001_20124,001-001,0,pattern_noise,data/e05_synthetic/pattern_noise/001-001_20124.png
001-001_20124,001-001,0,color_shift,data/e05_synthetic/color_shift/001-001_20124.png
001-001_20124,001-001,0,pattern_noise_jitter,data/e05_synthetic/pattern_noise_jitter/001-001_20124.png
001-001_20124,001-001,0,color_shift_jitter,data/e05_synthetic/color_shift_jitter/001-001_20124.png
001-001_20236,001-001,3,clean,data/e05_synthetic/clean/001-001_20236.png
001-001_20236,001-001,3,pattern_noise,data/e05_synthetic/pattern_noise/001-001_20236.png
001-001_20236,001-001,3,color_shift,data/e05_synthetic/color_shift/001-001_20236.png
001-001_20236,001-001,3,pattern_noise_jitter,data/e05_synthetic/pattern_noise_jitter/001-001_20236.png
001-001_20236,001-001,3,color_shift_jitter,data/e05_synthetic/color_shift_jitter/001-001_20236.png
001-001_20335,001-001,2,clean,data/e05_synthetic/clean/001-001_20335.png
001-001_20335,001-001,2,pattern_noise,data/e05_synthetic/pattern_noise/001-001_20335.png
001-001_20335,001-001,2,color_shift,data/e05_synthetic/color_shift/001-001_20335.png
001-001_20335,001-001,2,pattern_noise_jitter,data/e05_synthetic/pattern_noise_jitter/001-001_20335.png
001-001_20335,001-001,2,color_shift_jitter,data/e05_synthetic/color_shift_jitter/001-001_20335.png
001-001_20398,001-001,3,clean,data/e05_synthetic/clean/001-001_20398.png
001-001_20398,001-001,3,pattern_noise,data/e05_synthetic/pattern_noise/001-001_20398.png
001-001_20398,001-001,3,color_shift,data/e05_synthetic/color_shift/001-001_20398.png
001-001_20398,001-001,3,pattern_noise_jitter,data/e05_synthetic/pattern_noise_jitter/001-001_20398.png
001-001_20398,001-001,3,color_shift_jitter,data/e05_synthetic/color_shift_jitter/001-001_20398.png
001-001_20483,001-001,3,clean,data/e05_synthetic/clean/001-001_20483.png
001-001_20483,001-001,3,pattern_noise,data/e05_synthetic/pattern_noise/001-001_20483.png
001-001_20483,001-001,3,color_shift,data/e05_synthetic/color_shift/001-001_20483.png
001-001_20483,001-001,3,pattern_noise_jitter,data/e05_synthetic/pattern_noise_jitter/001-001_20483.png
001-001_20483,001-001,3,color_shift_jitter,data/e05_synthetic/color_shift_jitter/001-001_20483.png
001-001_20564,001-001,1,clean,data/e05_synthetic/clean/001-001_20564.png
001-001_20564,001-001,1,pattern_noise,data/e05_synthetic/pattern_noise/001-001_20564.png
001-001_20564,001-001,1,color_shift,data/e05_synthetic/color_shift/001-001_20564.png
001-001_20564,001-001,1,pattern_noise_jitter,data/e05_synthetic/pattern_noise_jitter/001-001_20564.png
001-001_20564,001-001,1,color_shift_jitter,data/e05_synthetic/color_shift_jitter/001-001_20564.png
001-001_20613,001-001,2,clean,data/e05_synthetic/clean/001-001_20613.png
001-001_20613,001-001,2,pattern_noise,data/e05_synthetic/pattern_noise/001-001_20613.png
001-001_20613,001-001,2,color_shift,data/e05_synthetic/color_shift/001-001_20613.png
001-001_20613,001-001,2,pattern_noise_jitter,data/e05_synthetic/pattern_noise_jitter/001-001_20613.png
001-001_20613,001-001,2,color_shift_jitter,data/e05_synthetic/color_shift_jitter/001-001_20613.png
001-001_20951,001-001,2,clean,data/e05_synthetic/clean/001-001_20951.png
001-001_20951,001-001,2,pattern_noise,data/e05_synthetic/pattern_noise/001-001_20951.png
001-001_20951,001-001,2,color_shift,data/e05_synthetic/color_shift/001-001_20951.png
001-001_20951,001-001,2,pattern_noise_jitter,data/e05_synthetic/pattern_noise_jitter/001-001_20951.png
001-001_20951,001-001,2,color_shift_jitter,data/e05_synthetic/color_shift_jitter/001-001_20951.png
001-001_21021,001-001,1,clean,data/e05_synthetic/clean/001-001_21021.png
001-001_21021,001-001,1,pattern_noise,data/e05_synthetic/pattern_noise/001-001_21021.png
001-001_21021,001-001,1,color_shift,data/e05_synthetic/color_shift/001-001_21021.png
001-001_21021,001-001,1,pattern_noise_jitter,data/e05_synthetic/pattern_noise_jitter/001-001_21021.png
001-001_21021,001-001,1,color_shift_jitter,data/e05_synthetic/color_shift_jitter/001-001_21021.png
001-001_21466,001-001,1,clean,data/e05_synthetic/clean/001-001_21466.png
001-001_21466,001-001,1,pattern_noise,data/e05_synthetic/pattern_noise/001-001_21466.png
001-001_21466,001-001,1,color_shift,data/e05_synthetic/color_shift/001-001_21466.png
001-001_21466,001-001,1,pattern_noise_jitter,data/e05_synthetic/pattern_noise_jitter/001-001_21466.png
001-001_21466,001-001,1,color_shift_jitter,data/e05_synthetic/color_shift_jitter/001-001_21466.png
001-001_21689,001-001,3,clean,data/e05_synthetic/clean/001-001_21689.png
001-001_21689,001-001,3,pattern_noise,data/e05_synthetic/pattern_noise/001-001_21689.png
001-001_21689,001-001,3,color_shift,data/e05_synthetic/color_shift/001-001_21689.png
001-001_21689,001-001,3,pattern_noise_jitter,data/e05_synthetic/pattern_noise_jitter/001-001_21689.png
001-001_21689,001-001,3,color_shift_jitter,data/e05_synthetic/color_shift_jitter/001-001_21689.png
001-001_21789,001-001,1,clean,data/e05_synthetic/clean/001-001_21789.png
001-001_21789,001-001,1,pattern_noise,data/e05_synthetic/pattern_noise/001-001_21789.png
001-001_21789,001-001,1,color_shift,data/e05_synthetic/color_shift/001-001_21789.png
001-001_21789,001-001,1,pattern_noise_jitter,data/e05_synthetic/pattern_noise_jitter/001-001_21789.png
001-001_21789,001-001,1,color_shift_jitter,data/e05_synthetic/color_shift_jitter/001-001_21789.png
001-001_22045,001-001,0,clean,data/e05_synthetic/clean/001-001_22045.png
001-001_22045,001-001,0,pattern_noise,data/e05_synthetic/pattern_noise/001-001_22045.png
001-001_22045,001-001,0,color_shift,data/e05_synthetic/color_shift/001-001_22045.png
001-001_22045,001-001,0,pattern_noise_jitter,data/e05_synthetic/pattern_noise_jitter/001-001_22045.png
001-001_22045,001-001,0,color_shift_jitter,data/e05_synthetic/color_shift_jitter/001-001_22045.png
001-001_22268,001-001,0,clean,data/e05_synthetic/clean/001-001_22268.png
001-001_22268,001-001,0,pattern_noise,data/e05_synthetic/pattern_noise/001-001_22268.png
001-001_22268,001-001,0,color_shift,data/e05_synthetic/color_shift/001-001_22268.png
001-001_22268,001-001,0,pattern_noise_jitter,data/e05_synthetic/pattern_noise_jitter/001-001_22268.png
001-001_22268,001-001,0,color_shift_jitter,data/e05_synthetic/color_shift_jitter/001-001_22268.png
001-001_22408,001-001,3,clean,data/e05_synthetic/clean/001-001_22408.png
001-001_22408,001-001,3,pattern_noise,data/e05_synthetic/pattern_noise/001-001_22408.png
001-001_22408,001-001,3,color_shift,data/e05_synthetic/color_shift/001-001_22408.png
001-001_22408,001-001,3,pattern_noise_jitter,data/e05_synthetic/pattern_noise_jitter/001-001_22408.png
001-001_22408,001-001,3,color_shift_jitter,data/e05_synthetic/color_shift_jitter/001-001_22408.png
001-001_22494,001-001,3,clean,data/e05_synthetic/clean/001-001_22494.png
001-001_22494,001-001,3,pattern_noise,data/e05_synthetic/pattern_noise/001-001_22494.png
001-001_22494,001-001,3,color_shift,data/e05_synthetic/color_shift/001-001_22494.png
001-001_22494,001-001,3,pattern_noise_jitter,data/e05_synthetic/pattern_noise_jitter/001-001_22494.png
001-001_22494,001-001,3,color_shift_jitter,data/e05_synthetic/color_shift_jitter/001-001_22494.png
001-001_22890,001-001,2,clean,data/e05_synthetic/clean/001-001_22890.png
001-001_22890,001-001,2,pattern_noise,data/e05_synthetic/pattern_noise/001-001_22890.png
001-001_22890,001-001,2,color_shift,data/e05_synthetic/color_shift/001-001_22890.png
001-001_22890,001-001,2,pattern_noise_jitter,data/e05_synthetic/pattern_noise_jitter/001-001_22890.png
001-001_22890,001-001,2,color_shift_jitter,data/e05_synthetic/color_shift_jitter/001-001_22890.png
001-001_22963,001-001,0,clean,data/e05_synthetic/clean/001-001_22963.png
001-001_22963,001-001,0,pattern_noise,data/e05_synthetic/pattern_noise/001-001_22963.png
001-001_22963,001-001,0,color_shift,data/e05_synthetic/color_shift/001-001_22963.png
001-001_22963,001-001,0,pattern_noise_jitter,data/e05_synthetic/pattern_noise_jitter/001-001_22963.png
001-001_22963,001-001,0,color_shift_jitter,data/e05_synthetic/color_shift_jitter/001-001_22963.png
001-001_22970,001-001,3,clean,data/e05_synthetic/clean/001-001_22970.png
001-001_22970,001-001,3,pattern_noise,data/e05_synthetic/pattern_noise/001-001_22970.png
001-001_22970,001-001,3,color_shift,data/e05_synthetic/color_shift/001-001_22970.png
001-001_22970,001-001,3,pattern_noise_jitter,data/e05_synthetic/pattern_noise_jitter/001-001_22970.png
001-001_22970,001-001,3,color_shift_jitter,data/e05_synthetic/color_shift_jitter/001-001_22970.png
001-001_23116,001-001,0,clean,data/e05_synthetic/clean/001-001_23116.png
001-001_23116,001-001,0,pattern_noise,data/e05_synthetic/pattern_noise/001-001_23116.png
001-001_23116,001-001,0,color_shift,data/e05_synthetic/color_shift/001-001_23116.png
001-001_23116,001-001,0,pattern_noise_jitter,data/e05_synthetic/pattern_noise_jitter/001-001_23116.png
001-001_23116,001-001,0,color_shift_jitter,data/e05_synthetic/color_shift_jitter/001-001_23116.png
001-001_23241,001-001,3,clean,data/e05_synthetic/clean/001-001_23241.png
001-001_23241,001-001,3,pattern_noise,data/e05_synthetic/pattern_noise/001-001_23241.png
001-001_23241,001-001,3,color_shift,data/e05_synthetic/color_shift/001-001_23241.png
001-001_23241,001-001,3,pattern_noise_jitter,data/e05_synthetic/pattern_noise_jitter/001-001_23241.png
001-001_23241,001-001,3,color_shift_jitter,data/e05_synthetic/color_shift_jitter/001-001_23241.png
001-001_23423,001-001,2,clean,data/e05_synthetic/clean/001-001_23423.png
001-001_23423,001-001,2,pattern_noise,data/e05_synthetic/pattern_noise/001-001_23423.png
001-001_23423,001-001,2,color_shift,data/e05_synthetic/color_shift/001-001_23423.png
001-001_23423,001-001,2,pattern_noise_jitter,data/e05_synthetic/pattern_noise_jitter/001-001_23423.png
001-001_23423,001-001,2,color_shift_jitter,data/e05_synthetic/color_shift_jitter/001-001_23423.png
001-001_23531,001-001,1,clean,data/e05_synthetic/clean/001-001_23531.png
001-001_23531,001-001,1,pattern_noise,data/e05_synthetic/pattern_noise/001-001_23531.png
001-001_23531,001-001,1,color_shift,data/e05_synthetic/color_shift/001-001_23531.png
001-001_23531,001-001,1,pattern_noise_jitter,data/e05_synthetic/pattern_noise_jitter/001-001_23531.png
001-001_23531,001-001,1,color_shift_jitter,data/e05_synthetic/color_shift_jitter/001-001_23531.png
001-001_23696,001-001,0,clean,data/e05_synthetic/clean/001-001_23696.png
001-001_23696,001-001,0,pattern_noise,data/e05_synthetic/pattern_noise/001-001_23696.png
001-001_23696,001-001,0,color_shift,data/e05_synthetic/color_shift/001-001_23696.png
001-001_23696,001-001,0,pattern_noise_jitter,data/e05_synthetic/pattern_noise_jitter/001-001_23696.png
001-001_23696,001-001,0,color_shift_jitter,data/e05_synthetic/color_shift_jitter/001-001_23696.png
001-001_23880,001-001,3,clean,data/e05_synthetic/clean/001-001_23880.png
001-001_23880,001-001,3,pattern_noise,data/e05_synthetic/pattern_noise/001-001_23880.png
001-001_23880,001-001,3,color_shift,data/e05_synthetic/color_shift/001-001_23880.png
001-001_23880,001-001,3,pattern_noise_jitter,data/e05_synthetic/pattern_noise_jitter/001-001_23880.png
001-001_23880,001-001,3,color_shift_jitter,data/e05_synthetic/color_shift_jitter/001-001_23880.png
001-001_24051,001-001,2,clean,data/e05_synthetic/clean/001-001_24051.png
001-001_24051,001-001,2,pattern_noise,data/e05_synthetic/pattern_noise/001-001_24051.png
001-001_24051,001-001,2,color_shift,data/e05_synthetic/color_shift/001-001_24051.png
001-001_24051,001-001,2,pattern_noise_jitter,data/e05_synthetic/pattern_noise_jitter/001-001_24051.png
001-001_24051,001-001,2,color_shift_jitter,data/e05_synthetic/color_shift_jitter/001-001_24051.png
001-001_24144,001-001,3,clean,data/e05_synthetic/clean/001-001_24144.png
001-001_24144,001-001,3,pattern_noise,data/e05_synthetic/pattern_noise/001-001_24144.png
001-001_24144,001-001,3,color_shift,data/e05_synthetic/color_shift/001-001_24144.png
001-001_24144,001-001,3,pattern_noise_jitter,data/e05_synthetic/pattern_noise_jitter/001-001_24144.png
001-001_24144,001-001,3,color_shift_jitter,data/e05_synthetic/color_shift_jitter/001-001_24144.png
001-001_24207,001-001,2,clean,data/e05_synthetic/clean/001-001_24207.png
001-001_24207,001-001,2,pattern_noise,data/e05_synthetic/pattern_noise/001-001_24207.png
001-001_24207,001-001,2,color_shift,data/e05_synthetic/color_shift/001-001_24207.png
001-001_24207,001-001,2,pattern_noise_jitter,data/e05_synthetic/pattern_noise_jitter/001-001_24207.png
001-001_24207,001-001,2,color_shift_jitter,data/e05_synthetic/color_shift_jitter/001-001_24207.png
001-001_24326,001-001,0,clean,data/e05_synthetic/clean/001-001_24326.png
001-001_24326,001-001,0,pattern_noise,data/e05_synthetic/pattern_noise/001-001_24326.png
001-001_24326,001-001,0,color_shift,data/e05_synthetic/color_shift/001-001_24326.png
001-001_24326,001-001,0,pattern_noise_jitter,data/e05_synthetic/pattern_noise_jitter/001-001_24326.png
001-001_24326,001-001,0,color_shift_jitter,data/e05_synthetic/color_shift_jitter/001-001_24326.png
001-001_24453,001-001,3,clean,data/e05_synthetic/clean/001-001_24453.png
001-001_24453,001-001,3,pattern_noise,data/e05_synthetic/pattern_noise/001-001_24453.png
001-001_24453,001-001,3,color_shift,data/e05_synthetic/color_shift/001-001_24453.png
001-001_24453,001-001,3,pattern_noise_jitter,data/e05_synthetic/pattern_noise_jitter/001-001_24453.png
001-001_24453,001-001,3,color_shift_jitter,data/e05_synthetic/color_shift_jitter/001-001_24453.png
001-001_24713,001-001,1,clean,data/e05_synthetic/clean/001-001_24713.png
001-001_24713,001-001,1,pattern_noise,data/e05_synthetic/pattern_noise/001-001_24713.png
001-001_24713,001-001,1,color_shift,data/e05_synthetic/color_shift/001-001_24713.png
001-001_24713,001-001,1,pattern_noise_jitter,data/e05_synthetic/pattern_noise_jitter/001-001_24713.png
001-001_24713,001-001,1,color_shift_jitter,data/e05_synthetic/color_shift_jitter/001-001_24713.png
001-001_25016,001-001,3,clean,data/e05_synthetic/clean/001-001_25016.png
001-001_25016,001-001,3,pattern_noise,data/e05_synthetic/pattern_noise/001-001_25016.png
001-001_25016,001-001,3,color_shift,data/e05_synthetic/color_shift/001-001_25016.png
001-001_25016,001-001,3,pattern_noise_jitter,data/e05_synthetic/pattern_noise_jitter/001-001_25016.png
001-001_25016,001-001,3,color_shift_jitter,data/e05_synthetic/color_shift_jitter/001-001_25016.png
001-001_25163,001-001,2,clean,data/e05_synthetic/clean/001-001_25163.png
001-001_25163,001-001,2,pattern_noise,data/e05_synthetic/pattern_noise/001-001_25163.png
001-001_25163,001-001,2,color_shift,data/e05_synthetic/color_shift/001-001_25163.png
001-001_25163,001-001,2,pattern_noise_jitter,data/e05_synthetic/pattern_noise_jitter/001-001_25163.png
001-001_25163,001-001,2,color_shift_jitter,data/e05_synthetic/color_shift_jitter/001-001_25163.png
001-001_25180,001-001,3,clean,data/e05_synthetic/clean/001-001_25180.png
001-001_25180,001-001,3,pattern_noise,data/e05_synthetic/pattern_noise/001-001_25180.png
001-001_25180,001-001,3,color_shift,data/e05_synthetic/color_shift/001-001_25180.png
001-001_25180,001-001,3,pattern_noise_jitter,data/e05_synthetic/pattern_noise_jitter/001-001_25180.png
001-001_25180,001-001,3,color_shift_jitter,data/e05_synthetic/color_shift_jitter/001-001_25180.png
001-001_25286,001-001,2,clean,data/e05_synthetic/clean/001-001_25286.png
001-001_25286,001-001,2,pattern_noise,data/e05_synthetic/pattern_noise/001-001_25286.png
001-001_25286,001-001,2,color_shift,data/e05_synthetic/color_shift/001-001_25286.png
001-001_25286,001-001,2,pattern_noise_jitter,data/e05_synthetic/pattern_noise_jitter/001-001_25286.png
001-001_25286,001-001,2,color_shift_jitter,data/e05_synthetic/color_shift_jitter/001-001_25286.png
001-001_25399,001-001,1,clean,data/e05_synthetic/clean/001-001_25399.png
001-001_25399,001-001,1,pattern_noise,data/e05_synthetic/pattern_noise/001-001_25399.png
001-001_25399,001-001,1,color_shift,data/e05_synthetic/color_shift/001-001_25399.png
001-001_25399,001-001,1,pattern_noise_jitter,data/e05_synthetic/pattern_noise_jitter/001-001_25399.png
001-001_25399,001-001,1,color_shift_jitter,data/e05_synthetic/color_shift_jitter/001-001_25399.png
001-001_25647,001-001,1,clean,data/e05_synthetic/clean/001-001_25647.png
001-001_25647,001-001,1,pattern_noise,data/e05_synthetic/pattern_noise/001-001_25647.png
001-001_25647,001-001,1,color_shift,data/e05_synthetic/color_shift/001-001_25647.png
001-001_25647,001-001,1,pattern_noise_jitter,data/e05_synthetic/pattern_noise_jitter/001-001_25647.png
001-001_25647,001-001,1,color_shift_jitter,data/e05_synthetic/color_shift_jitter/001-001_25647.png
001-001_26102,001-001,2,clean,data/e05_synthetic/clean/001-001_26102.png
001-001_26102,001-001,2,pattern_noise,data/e05_synthetic/pattern_noise/001-001_26102.png
001-001_26102,001-001,2,color_shift,data/e05_synthetic/color_shift/001-001_26102.png
001-001_26102,001-001,2,pattern_noise_jitter,data/e05_synthetic/pattern_noise_jitter/001-001_26102.png
001-001_26102,001-001,2,color_shift_jitter,data/e05_synthetic/color_shift_jitter/001-001_26102.png
001-001_26361,001-001,1,clean,data/e05_synthetic/clean/001-001_26361.png
001-001_26361,001-001,1,pattern_noise,data/e05_synthetic/pattern_noise/001-001_26361.png
001-001_26361,001-001,1,color_shift,data/e05_synthetic/color_shift/001-001_26361.png
001-001_26361,001-001,1,pattern_noise_jitter,data/e05_synthetic/pattern_noise_jitter/001-001_26361.png
001-001_26361,001-001,1,color_shift_jitter,data/e05_synthetic/color_shift_jitter/001-001_26361.png
001-001_26683,001-001,1,clean,data/e05_synthetic/clean/001-001_26683.png
001-001_26683,001-001,1,pattern_noise,data/e05_synthetic/pattern_noise/001-001_26683.png
001-001_26683,001-001,1,color_shift,data/e05_synthetic/color_shift/001-001_26683.png
001-001_26683,001-001,1,pattern_noise_jitter,data/e05_synthetic/pattern_noise_jitter/001-001_26683.png
001-001_26683,001-001,1,color_shift_jitter,data/e05_synthetic/color_shift_jitter/001-001_26683.png
001-001_26708,001-001,2,clean,data/e05_synthetic/clean/001-001_26708.png
001-001_26708,001-001,2,pattern_noise,data/e05_synthetic/pattern_noise/001-001_26708.png
001-001_26708,001-001,2,color_shift,data/e05_synthetic/color_shift/001-001_26708.png
001-001_26708,001-001,2,pattern_noise_jitter,data/e05_synthetic/pattern_noise_jitter/001-001_26708.png
001-001_26708,001-001,2,color_shift_jitter,data/e05_synthetic/color_shift_jitter/001-001_26708.png
001-001_26791,001-001,0,clean,data/e05_synthetic/clean/001-001_26791.png
001-001_26791,001-001,0,pattern_noise,data/e05_synthetic/pattern_noise/001-001_26791.png
001-001_26791,001-001,0,color_shift,data/e05_synthetic/color_shift/001-001_26791.png
001-001_26791,001-001,0,pattern_noise_jitter,data/e05_synthetic/pattern_noise_jitter/001-001_26791.png
001-001_26791,001-001,0,color_shift_jitter,data/e05_synthetic/color_shift_jitter/001-001_26791.png
001-001_26946,001-001,1,clean,data/e05_synthetic/clean/001-001_26946.png
001-001_26946,001-001,1,pattern_noise,data/e05_synthetic/pattern_noise/001-001_26946.png
001-001_26946,001-001,1,color_shift,data/e05_synthetic/color_shift/001-001_26946.png
001-001_26946,001-001,1,pattern_noise_jitter,data/e05_synthetic/pattern_noise_jitter/001-001_26946.png
001-001_26946,001-001,1,color_shift_jitter,data/e05_synthetic/color_shift_jitter/001-001_26946.png
001-001_27112,001-001,3,clean,data/e05_synthetic/clean/001-001_27112.png
001-001_27112,001-001,3,pattern_noise,data/e05_synthetic/pattern_noise/001-001_27112.png
001-001_27112,001-001,3,color_shift,data/e05_synthetic/color_shift/001-001_27112.png
001-001_27112,001-001,3,pattern_noise_jitter,data/e05_synthetic/pattern_noise_jitter/001-001_27112.png
001-001_27112,001-001,3,color_shift_jitter,data/e05_synthetic/color_shift_jitter/001-001_27112.png
001-001_27119,001-001,1,clean,data/e05_synthetic/clean/001-001_27119.png
001-001_27119,001-001,1,pattern_noise,data/e05_synthetic/pattern_noise/001-001_27119.png
001-001_27119,001-001,1,color_shift,data/e05_synthetic/color_shift/001-001_27119.png
001-001_27119,001-001,1,pattern_noise_jitter,data/e05_synthetic/pattern_noise_jitter/001-001_27119.png
001-001_27119,001-001,1,color_shift_jitter,data/e05_synthetic/color_shift_jitter/001-001_27119.png
001-001_27538,001-001,3,clean,data/e05_synthetic/clean/001-001_27538.png
001-001_27538,001-001,3,pattern_noise,data/e05_synthetic/pattern_noise/001-001_27538.png
001-001_27538,001-001,3,color_shift,data/e05_synthetic/color_shift/001-001_27538.png
001-001_27538,001-001,3,pattern_noise_jitter,data/e05_synthetic/pattern_noise_jitter/001-001_27538.png
001-001_27538,001-001,3,color_shift_jitter,data/e05_synthetic/color_shift_jitter/001-001_27538.png
001-001_27573,001-001,2,clean,data/e05_synthetic/clean/001-001_27573.png
001-001_27573,001-001,2,pattern_noise,data/e05_synthetic/pattern_noise/001-001_27573.png
001-001_27573,001-001,2,color_shift,data/e05_synthetic/color_shift/001-001_27573.png
001-001_27573,001-001,2,pattern_noise_jitter,data/e05_synthetic/pattern_noise_jitter/001-001_27573.png
001-001_27573,001-001,2,color_shift_jitter,data/e05_synthetic/color_shift_jitter/001-001_27573.png
001-001_27996,001-001,3,clean,data/e05_synthetic/clean/001-001_27996.png
001-001_27996,001-001,3,pattern_noise,data/e05_synthetic/pattern_noise/001-001_27996.png
001-001_27996,001-001,3,color_shift,data/e05_synthetic/color_shift/001-001_27996.png
001-001_27996,001-001,3,pattern_noise_jitter,data/e05_synthetic/pattern_noise_jitter/001-001_27996.png
001-001_27996,001-001,3,color_shift_jitter,data/e05_synthetic/color_shift_jitter/001-001_27996.png
001-001_28017,001-001,3,clean,data/e05_synthetic/clean/001-001_28017.png
001-001_28017,001-001,3,pattern_noise,data/e05_synthetic/pattern_noise/001-001_28017.png
001-001_28017,001-001,3,color_shift,data/e05_synthetic/color_shift/001-001_28017.png
001-001_28017,001-001,3,pattern_noise_jitter,data/e05_synthetic/pattern_noise_jitter/001-001_28017.png
001-001_28017,001-001,3,color_shift_jitter,data/e05_synthetic/color_shift_jitter/001-001_28017.png
001-001_28252,001-001,0,clean,data/e05_synthetic/clean/001-001_28252.png
001-001_28252,001-001,0,pattern_noise,data/e05_synthetic/pattern_noise/001-001_28252.png
001-001_28252,001-001,0,color_shift,data/e05_synthetic/color_shift/001-001_28252.png
001-001_28252,001-001,0,pattern_noise_jitter,data/e05_synthetic/pattern_noise_jitter/001-001_28252.png
001-001_28252,001-001,0,color_shift_jitter,data/e05_synthetic/color_shift_jitter/001-001_28252.png
001-001_28314,001-001,1,clean,data/e05_synthetic/clean/001-001_28314.png
001-001_28314,001-001,1,pattern_noise,data/e05_synthetic/pattern_noise/001-001_28314.png
001-001_28314,001-001,1,color_shift,data/e05_synthetic/color_shift/001-001_28314.png
001-001_28314,001-001,1,pattern_noise_jitter,data/e05_synthetic/pattern_noise_jitter/001-001_28314.png
001-001_28314,001-001,1,color_shift_jitter,data/e05_synthetic/color_shift_jitter/001-001_28314.png
001-001_28317,001-001,3,clean,data/e05_synthetic/clean/001-001_28317.png
001-001_28317,001-001,3,pattern_noise,data/e05_synthetic/pattern_noise/001-001_28317.png
001-001_28317,001-001,3,color_shift,data/e05_synthetic/color_shift/001-001_28317.png
001-001_28317,001-001,3,pattern_noise_jitter,data/e05_synthetic/pattern_noise_jitter/001-001_28317.png
001-001_28317,001-001,3,color_shift_jitter,data/e05_synthetic/color_shift_jitter/001-001_28317.png
001-001_28344,001-001,0,clean,data/e05_synthetic/clean/001-001_28344.png
001-001_28344,001-001,0,pattern_noise,data/e05_synthetic/pattern_noise/001-001_28344.png
001-001_28344,001-001,0,color_shift,data/e05_synthetic/color_shift/001-001_28344.png
001-001_28344,001-001,0,pattern_noise_jitter,data/e05_synthetic/pattern_noise_jitter/001-001_28344.png
001-001_28344,001-001,0,color_shift_jitter,data/e05_synthetic/color_shift_jitter/001-001_28344.png
001-001_28429,001-001,0,clean,data/e05_synthetic/clean/001-001_28429.png
001-001_28429,001-001,0,pattern_noise,data/e05_synthetic/pattern_noise/001-001_28429.png
001-001_28429,001-001,0,color_shift,data/e05_synthetic/color_shift/001-001_28429.png
001-001_28429,001-001,0,pattern_noise_jitter,data/e05_synthetic/pattern_noise_jitter/001-001_28429.png
001-001_28429,001-001,0,color_shift_jitter,data/e05_synthetic/color_shift_jitter/001-001_28429.png
001-001_28669,001-001,3,clean,data/e05_synthetic/clean/001-001_28669.png
001-001_28669,001-001,3,pattern_noise,data/e05_synthetic/pattern_noise/001-001_28669.png
001-001_28669,001-001,3,color_shift,data/e05_synthetic/color_shift/001-001_28669.png
001-001_28669,001-001,3,pattern_noise_jitter,data/e05_synthetic/pattern_noise_jitter/001-001_28669.png
001-001_28669,001-001,3,color_shift_jitter,data/e05_synthetic/color_shift_jitter/001-001_28669.png
001-001_28721,001-001,2,clean,data/e05_synthetic/clean/001-001_28721.png
001-001_28721,001-001,2,pattern_noise,data/e05_synthetic/pattern_noise/001-001_28721.png
001-001_28721,001-001,2,color_shift,data/e05_synthetic/color_shift/001-001_28721.png
001-001_28721,001-001,2,pattern_noise_jitter,data/e05_synthetic/pattern_noise_jitter/001-001_28721.png
001-001_28721,001-001,2,color_shift_jitter,data/e05_synthetic/color_shift_jitter/001-001_28721.png
001-001_28751,001-001,0,clean,data/e05_synthetic/clean/001-001_28751.png
001-001_28751,001-001,0,pattern_noise,data/e05_synthetic/pattern_noise/001-001_28751.png
001-001_28751,001-001,0,color_shift,data/e05_synthetic/color_shift/001-001_28751.png
001-001_28751,001-001,0,pattern_noise_jitter,data/e05_synthetic/pattern_noise_jitter/001-001_28751.png
001-001_28751,001-001,0,color_shift_jitter,data/e05_synthetic/color_shift_jitter/001-001_28751.png
001-001_28919,001-001,1,clean,data/e05_synthetic/clean/001-001_28919.png
001-001_28919,001-001,1,pattern_noise,data/e05_synthetic/pattern_noise/001-001_28919.png
001-001_28919,001-001,1,color_shift,data/e05_synthetic/color_shift/001-001_28919.png
001-001_28919,001-001,1,pattern_noise_jitter,data/e05_synthetic/pattern_noise_jitter/001-001_28919.png
001-001_28919,001-001,1,color_shift_jitter,data/e05_synthetic/color_shift_jitter/001-001_28919.png
001-001_28990,001-001,3,clean,data/e05_synthetic/clean/001-001_28990.png
001-001_28990,001-001,3,pattern_noise,data/e05_synthetic/pattern_noise/001-001_28990.png
001-001_28990,001-001,3,color_shift,data/e05_synthetic/color_shift/001-001_28990.png
001-001_28990,001-001,3,pattern_noise_jitter,data/e05_synthetic/pattern_noise_jitter/001-001_28990.png
001-001_28990,001-001,3,color_shift_jitter,data/e05_synthetic/color_shift_jitter/001-001_28990.png
001-001_29089,001-001,1,clean,data/e05_synthetic/clean/001-001_29089.png
001-001_29089,001-001,1,pattern_noise,data/e05_synthetic/pattern_noise/001-001_29089.png
001-001_29089,001-001,1,color_shift,data/e05_synthetic/color_shift/001-001_29089.png
001-001_29089,001-001,1,pattern_noise_jitter,data/e05_synthetic/pattern_noise_jitter/001-001_29089.png
001-001_29089,001-001,1,color_shift_jitter,data/e05_synthetic/color_shift_jitter/001-001_29089.png
001-001_29332,001-001,1,clean,data/e05_synthetic/clean/001-001_29332.png
001-001_29332,001-001,1,pattern_noise,data/e05_synthetic/pattern_noise/001-001_29332.png
001-001_29332,001-001,1,color_shift,data/e05_synthetic/color_shift/001-001_29332.png
001-001_29332,001-001,1,pattern_noise_jitter,data/e05_synthetic/pattern_noise_jitter/001-001_29332.png
001-001_29332,001-001,1,color_shift_jitter,data/e05_synthetic/color_shift_jitter/001-001_29332.png
001-001_29369,001-001,2,clean,data/e05_synthetic/clean/001-001_29369.png
001-001_29369,001-001,2,pattern_noise,data/e05_synthetic/pattern_noise/001-001_29369.png
001-001_29369,001-001,2,color_shift,data/e05_synthetic/color_shift/001-001_29369.png
001-001_29369,001-001,2,pattern_noise_jitter,data/e05_synthetic/pattern_noise_jitter/001-001_29369.png
001-001_29369,001-001,2,color_shift_jitter,data/e05_synthetic/color_shift_jitter/001-001_29369.png
001-001_29416,001-001,0,clean,data/e05_synthetic/clean/001-001_29416.png
001-001_29416,001-001,0,pattern_noise,data/e05_synthetic/pattern_noise/001-001_29416.png
001-001_29416,001-001,0,color_shift,data/e05_synthetic/color_shift/001-001_29416.png
001-001_29416,001-001,0,pattern_noise_jitter,data/e05_synthetic/pattern_noise_jitter/001-001_29416.png
001-001_29416,001-001,0,color_shift_jitter,data/e05_synthetic/color_shift_jitter/001-001_29416.png
001-001_29740,001-001,1,clean,data/e05_synthetic/clean/001-001_29740.png
001-001_29740,001-001,1,pattern_noise,data/e05_synthetic/pattern_noise/001-001_29740.png
001-001_29740,001-001,1,color_shift,data/e05_synthetic/color_shift/001-001_29740.png
001-001_29740,001-001,1,pattern_noise_jitter,data/e05_synthetic/pattern_noise_jitter/001-001_29740.png
001-001_29740,001-001,1,color_shift_jitter,data/e05_synthetic/color_shift_jitter/001-001_29740.png
001-001_29763,001-001,0,clean,data/e05_synthetic/clean/001-001_29763.png
001-001_29763,001-001,0,pattern_noise,data/e05_synthetic/pattern_noise/001-001_29763.png
001-001_29763,001-001,0,color_shift,data/e05_synthetic/color_shift/001-001_29763.png
001-001_29763,001-001,0,pattern_noise_jitter,data/e05_synthetic/pattern_noise_jitter/001-001_29763.png
001-001_29763,001-001,0,color_shift_jitter,data/e05_synthetic/color_shift_jitter/001-001_29763.png
001-001_29881,001-001,2,clean,data/e05_synthetic/clean/001-001_29881.png
001-001_29881,001-001,2,pattern_noise,data/e05_synthetic/pattern_noise/001-001_29881.png
001-001_29881,001-001,2,color_shift,data/e05_synthetic/color_shift/001-001_29881.png
001-001_29881,001-001,2,pattern_noise_jitter,data/e05_synthetic/pattern_noise_jitter/001-001_29881.png
001-001_29881,001-001,2,color_shift_jitter,data/e05_synthetic/color_shift_jitter/001-001_29881.png
001-001_29936,001-001,3,clean,data/e05_synthetic/clean/001-001_29936.png
001-001_29936,001-001,3,pattern_noise,data/e05_synthetic/pattern_noise/001-001_29936.png
001-001_29936,001-001,3,color_shift,data/e05_synthetic/color_shift/001-001_29936.png
001-001_29936,001-001,3,pattern_noise_jitter,data/e05_synthetic/pattern_noise_jitter/001-001_29936.png
001-001_29936,001-001,3,color_shift_jitter,data/e05_synthetic/color_shift_jitter/001-001_29936.png
001-001_30033,001-001,1,clean,data/e05_synthetic/clean/001-001_30033.png
001-001_30033,001-001,1,pattern_noise,data/e05_synthetic/pattern_noise/001-001_30033.png
001-001_30033,001-001,1,color_shift,data/e05_synthetic/color_shift/001-001_30033.png
001-001_30033,001-001,1,pattern_noise_jitter,data/e05_synthetic/pattern_noise_jitter/001-001_30033.png
001-001_30033,001-001,1,color_shift_jitter,data/e05_synthetic/color_shift_jitter/001-001_30033.png
001-001_30060,001-001,1,clean,data/e05_synthetic/clean/001-001_30060.png
001-001_30060,001-001,1,pattern_noise,data/e05_synthetic/pattern_noise/001-001_30060.png
001-001_30060,001-001,1,color_shift,data/e05_synthetic/color_shift/001-001_30060.png
001-001_30060,001-001,1,pattern_noise_jitter,data/e05_synthetic/pattern_noise_jitter/001-001_30060.png
001-001_30060,001-001,1,color_shift_jitter,data/e05_synthetic/color_shift_jitter/001-001_30060.png
001-001_30113,001-001,1,clean,data/e05_synthetic/clean/001-001_30113.png
001-001_30113,001-001,1,pattern_noise,data/e05_synthetic/pattern_noise/001-001_30113.png
001-001_30113,001-001,1,color_shift,data/e05_synthetic/color_shift/001-001_30113.png
001-001_30113,001-001,1,pattern_noise_jitter,data/e05_synthetic/pattern_noise_jitter/001-001_30113.png
001-001_30113,001-001,1,color_shift_jitter,data/e05_synthetic/color_shift_jitter/001-001_30113.png
001-001_30162,001-001,3,clean,data/e05_synthetic/clean/001-001_30162.png
001-001_30162,001-001,3,pattern_noise,data/e05_synthetic/pattern_noise/001-001_30162.png
001-001_30162,001-001,3,color_shift,data/e05_synthetic/color_shift/001-001_30162.png
001-001_30162,001-001,3,pattern_noise_jitter,data/e05_synthetic/pattern_noise_jitter/001-001_30162.png
001-001_30162,001-001,3,color_shift_jitter,data/e05_synthetic/color_shift_jitter/001-001_30162.png
001-001_30179,001-001,1,clean,data/e05_synthetic/clean/001-001_30179.png
001-001_30179,001-001,1,pattern_noise,data/e05_synthetic/pattern_noise/001-001_30179.png
001-001_30179,001-001,1,color_shift,data/e05_synthetic/color_shift/001-001_30179.png
001-001_30179,001-001,1,pattern_noise_jitter,data/e05_synthetic/pattern_noise_jitter/001-001_30179.png
001-001_30179,001-001,1,color_shift_jitter,data/e05_synthetic/color_shift_jitter/001-001_30179.png
001-001_30199,001-001,2,clean,data/e05_synthetic/clean/001-001_30199.png
001-001_30199,001-001,2,pattern_noise,data/e05_synthetic/pattern_noise/001-001_30199.png
001-001_30199,001-001,2,color_shift,data/e05_synthetic/color_shift/001-001_30199.png
001-001_30199,001-001,2,pattern_noise_jitter,data/e05_synthetic/pattern_noise_jitter/001-001_30199.png
001-001_30199,001-001,2,color_shift_jitter,data/e05_synthetic/color_shift_jitter/001-001_30199.png
001-001_30203,001-001,3,clean,data/e05_synthetic/clean/001-001_30203.png
001-001_30203,001-001,3,pattern_noise,data/e05_synthetic/pattern_noise/001-001_30203.png
001-001_30203,001-001,3,color_shift,data/e05_synthetic/color_shift/001-001_30203.png
001-001_30203,001-001,3,pattern_noise_jitter,data/e05_synthetic/pattern_noise_jitter/001-001_30203.png
001-001_30203,001-001,3,color_shift_jitter,data/e05_synthetic/color_shift_jitter/001-001_30203.png
002-004_10624,002-004,3,clean,data/e05_synthetic/clean/002-004_10624.png
002-004_10624,002-004,3,pattern_noise,data/e05_synthetic/pattern_noise/002-004_10624.png
002-004_10624,002-004,3,color_shift,data/e05_synthetic/color_shift/002-004_10624.png
002-004_10624,002-004,3,pattern_noise_jitter,data/e05_synthetic/pattern_noise_jitter/002-004_10624.png
002-004_10624,002-004,3,color_shift_jitter,data/e05_synthetic/color_shift_jitter/002-004_10624.png
002-004_10836,002-004,1,clean,data/e05_synthetic/clean/002-004_10836.png
002-004_10836,002-004,1,pattern_noise,data/e05_synthetic/pattern_noise/002-004_10836.png
002-004_10836,002-004,1,color_shift,data/e05_synthetic/color_shift/002-004_10836.png
002-004_10836,002-004,1,pattern_noise_jitter,data/e05_synthetic/pattern_noise_jitter/002-004_10836.png
002-004_10836,002-004,1,color_shift_jitter,data/e05_synthetic/color_shift_jitter/002-004_10836.png
002-004_11146,002-004,1,clean,data/e05_synthetic/clean/002-004_11146.png
002-004_11146,002-004,1,pattern_noise,data/e05_synthetic/pattern_noise/002-004_11146.png
002-004_11146,002-004,1,color_shift,data/e05_synthetic/color_shift/002-004_11146.png
002-004_11146,002-004,1,pattern_noise_jitter,data/e05_synthetic/pattern_noise_jitter/002-004_11146.png
002-004_11146,002-004,1,color_shift_jitter,data/e05_synthetic/color_shift_jitter/002-004_11146.png
002-004_11239,002-004,0,clean,data/e05_synthetic/clean/002-004_11239.png
002-004_11239,002-004,0,pattern_noise,data/e05_synthetic/pattern_noise/002-004_11239.png
002-004_11239,002-004,0,color_shift,data/e05_synthetic/color_shift/002-004_11239.png
002-004_11239,002-004,0,pattern_noise_jitter,data/e05_synthetic/pattern_noise_jitter/002-004_11239.png
002-004_11239,002-004,0,color_shift_jitter,data/e05_synthetic/color_shift_jitter/002-004_11239.png
002-004_11269,002-004,1,clean,data/e05_synthetic/clean/002-004_11269.png
002-004_11269,002-004,1,pattern_noise,data/e05_synthetic/pattern_noise/002-004_11269.png
002-004_11269,002-004,1,color_shift,data/e05_synthetic/color_shift/002-004_11269.png
002-004_11269,002-004,1,pattern_noise_jitter,data/e05_synthetic/pattern_noise_jitter/002-004_11269.png
002-004_11269,002-004,1,color_shift_jitter,data/e05_synthetic/color_shift_jitter/002-004_11269.png
002-004_11626,002-004,2,clean,data/e05_synthetic/clean/002-004_11626.png
002-004_11626,002-004,2,pattern_noise,data/e05_synthetic/pattern_noise/002-004_11626.png
002-004_11626,002-004,2,color_shift,data/e05_synthetic/color_shift/002-004_11626.png
002-004_11626,002-004,2,pattern_noise_jitter,data/e05_synthetic/pattern_noise_jitter/002-004_11626.png
002-004_11626,002-004,2,color_shift_jitter,data/e05_synthetic/color_shift_jitter/002-004_11626.png
002-004_11637,002-004,1,clean,data/e05_synthetic/clean/002-004_11637.png
002-004_11637,002-004,1,pattern_noise,data/e05_synthetic/pattern_noise/002-004_11637.png
002-004_11637,002-004,1,color_shift,data/e05_synthetic/color_shift/002-004_11637.png
002-004_11637,002-004,1,pattern_noise_jitter,data/e05_synthetic/pattern_noise_jitter/002-004_11637.png
002-004_11637,002-004,1,color_shift_jitter,data/e05_synthetic/color_shift_jitter/002-004_11637.png
002-004_11737,002-004,3,clean,data/e05_synthetic/clean/002-004_11737.png
002-004_11737,002-004,3,pattern_noise,data/e05_synthetic/pattern_noise/002-004_11737.png
002-004_11737,002-004,3,color_shift,data/e05_synthetic/color_shift/002-004_11737.png
002-004_11737,002-004,3,pattern_noise_jitter,data/e05_synthetic/pattern_noise_jitter/002-004_11737.png
002-004_11737,002-004,3,color_shift_jitter,data/e05_synthetic/color_shift_jitter/002-004_11737.png
002-004_11814,002-004,2,clean,data/e05_synthetic/clean/002-004_11814.png
002-004_11814,002-004,2,pattern_noise,data/e05_synthetic/pattern_noise/002-004_11814.png
002-004_11814,002-004,2,color_shift,data/e05_synthetic/color_shift/002-004_11814.png
002-004_11814,002-004,2,pattern_noise_jitter,data/e05_synthetic/pattern_noise_jitter/002-004_11814.png
002-004_11814,002-004,2,color_shift_jitter,data/e05_synthetic/color_shift_jitter/002-004_11814.png
002-004_11920,002-004,0,clean,data/e05_synthetic/clean/002-004_11920.png
002-004_11920,002-004,0,pattern_noise,data/e05_synthetic/pattern_noise/002-004_11920.png
002-004_11920,002-004,0,color_shift,data/e05_synthetic/color_shift/002-004_11920.png
002-004_11920,002-004,0,pattern_noise_jitter,data/e05_synthetic/pattern_noise_jitter/002-004_11920.png
002-004_11920,002-004,0,color_shift_jitter,data/e05_synthetic/color_shift_jitter/002-004_11920.png
002-004_11924,002-004,2,clean,data/e05_synthetic/clean/002-004_11924.png
002-004_11924,002-004,2,pattern_noise,data/e05_synthetic/pattern_noise/002-004_11924.png
002-004_11924,002-004,2,color_shift,data/e05_synthetic/color_shift/002-004_11924.png
002-004_11924,002-004,2,pattern_noise_jitter,data/e05_synthetic/pattern_noise_jitter/002-004_11924.png
002-004_11924,002-004,2,color_shift_jitter,data/e05_synthetic/color_shift_jitter/002-004_11924.png
002-004_12077,002-004,2,clean,data/e05_synthetic/clean/002-004_12077.png
002-004_12077,002-004,2,pattern_noise,data/e05_synthetic/pattern_noise/002-004_12077.png
002-004_12077,002-004,2,color_shift,data/e05_synthetic/color_shift/002-004_12077.png
002-004_12077,002-004,2,pattern_noise_jitter,data/e05_synthetic/pattern_noise_jitter/002-004_12077.png
002-004_12077,002-004,2,color_shift_jitter,data/e05_synthetic/color_shift_jitter/002-004_12077.png
002-004_12100,002-004,0,clean,data/e05_synthetic/clean/002-004_12100.png
002-004_12100,002-004,0,pattern_noise,data/e05_synthetic/pattern_noise/002-004_12100.png
002-004_12100,002-004,0,color_shift,data/e05_synthetic/color_shift/002-004_12100.png
002-004_12100,002-004,0,pattern_noise_jitter,data/e05_synthetic/pattern_noise_jitter/002-004_12100.png
002-004_12100,002-004,0,color_shift_jitter,data/e05_synthetic/color_shift_jitter/002-004_12100.png
002-004_12107,002-004,1,clean,data/e05_synthetic/clean/002-004_12107.png
002-004_12107,002-004,1,pattern_noise,data/e05_synthetic/pattern_noise/002-004_12107.png
002-004_12107,002-004,1,color_shift,data/e05_synthetic/color_shift/002-004_12107.png
002-004_12107,002-004,1,pattern_noise_jitter,data/e05_synthetic/pattern_noise_jitter/002-004_12107.png
002-004_12107,002-004,1,color_shift_jitter,data/e05_synthetic/color_shift_jitter/002-004_12107.png
002-004_12134,002-004,1,clean,data/e05_synthetic/clean/002-004_12134.png
002-004_12134,002-004,1,pattern_noise,data/e05_synthetic/pattern_noise/002-004_12134.png
002-004_12134,002-004,1,color_shift,data/e05_synthetic/color_shift/002-004_12134.png
002-004_12134,002-004,1,pattern_noise_jitter,data/e05_synthetic/pattern_noise_jitter/002-004_12134.png
002-004_12134,002-004,1,color_shift_jitter,data/e05_synthetic/color_shift_jitter/002-004_12134.png
002-004_12159,002-004,3,clean,data/e05_synthetic/clean/002-004_12159.png
002-004_12159,002-004,3,pattern_noise,data/e05_synthetic/pattern_noise/002-004_12159.png
002-004_12159,002-004,3,color_shift,data/e05_synthetic/color_shift/002-004_12159.png
002-004_12159,002-004,3,pattern_noise_jitter,data/e05_synthetic/pattern_noise_jitter/002-004_12159.png
002-004_12159,002-004,3,color_shift_jitter,data/e05_synthetic/color_shift_jitter/002-004_12159.png
002-004_12224,002-004,2,clean,data/e05_synthetic/clean/002-004_12224.png
002-004_12224,002-004,2,pattern_noise,data/e05_synthetic/pattern_noise/002-004_12224.png
002-004_12224,002-004,2,color_shift,data/e05_synthetic/color_shift/002-004_12224.png
002-004_12224,002-004,2,pattern_noise_jitter,data/e05_synthetic/pattern_noise_jitter/002-004_12224.png
002-004_12224,002-004,2,color_shift_jitter,data/e05_synthetic/color_shift_jitter/002-004_12224.png
002-004_12255,002-004,1,clean,data/e05_synthetic/clean/002-004_12255.png
002-004_12255,002-004,1,pattern_noise,data/e05_synthetic/pattern_noise/002-004_12255.png
002-004_12255,002-004,1,color_shift,data/e05_synthetic/color_shift/002-004_12255.png
002-004_12255,002-004,1,pattern_noise_jitter,data/e05_synthetic/pattern_noise_jitter/002-004_12255.png
002-004_12255,002-004,1,color_shift_jitter,data/e05_synthetic/color_shift_jitter/002-004_12255.png
002-004_12392,002-004,0,clean,data/e05_synthetic/clean/002-004_12392.png
002-004_12392,002-004,0,pattern_noise,data/e05_synthetic/pattern_noise/002-004_12392.png
002-004_12392,002-004,0,color_shift,data/e05_synthetic/color_shift/002-004_12392.png
002-004_12392,002-004,0,pattern_noise_jitter,data/e05_synthetic/pattern_noise_jitter/002-004_12392.png
002-004_12392,002-004,0,color_shift_jitter,data/e05_synthetic/color_shift_jitter/002-004_12392.png
002-004_12650,002-004,3,clean,data/e05_synthetic/clean/002-004_12650.png
002-004_12650,002-004,3,pattern_noise,data/e05_synthetic/pattern_noise/002-004_12650.png
002-004_12650,002-004,3,color_shift,data/e05_synthetic/color_shift/002-004_12650.png
002-004_12650,002-004,3,pattern_noise_jitter,data/e05_synthetic/pattern_noise_jitter/002-004_12650.png
002-004_12650,002-004,3,color_shift_jitter,data/e05_synthetic/color_shift_jitter/002-004_12650.png
002-004_12739,002-004,0,clean,data/e05_synthetic/clean/002-004_12739.png
002-004_12739,002-004,0,pattern_noise,data/e05_synthetic/pattern_noise/002-004_12739.png
002-004_12739,002-004,0,color_shift,data/e05_synthetic/color_shift/002-004_12739.png
002-004_12739,002-004,0,pattern_noise_jitter,data/e05_synthetic/pattern_noise_jitter/002-004_12739.png
002-004_12739,002-004,0,color_shift_jitter,data/e05_synthetic/color_shift_jitter/002-004_12739.png
002-004_12887,002-004,1,clean,data/e05_synthetic/clean/002-004_12887.png
002-004_12887,002-004,1,pattern_noise,data/e05_synthetic/pattern_noise/002-004_12887.png
002-004_12887,002-004,1,color_shift,data/e05_synthetic/color_shift/002-004_12887.png
002-004_12887,002-004,1,pattern_noise_jitter,data/e05_synthetic/pattern_noise_jitter/002-004_12887.png
002-004_12887,002-004,1,color_shift_jitter,data/e05_synthetic/color_shift_jitter/002-004_12887.png
002-004_12895,002-004,2,clean,data/e05_synthetic/clean/002-004_12895.png
002-004_12895,002-004,2,pattern_noise,data/e05_synthetic/pattern_noise/002-004_12895.png
002-004_12895,002-004,2,color_shift,data/e05_synthetic/color_shift/002-004_12895.png
002-004_12895,002-004,2,pattern_noise_jitter,data/e05_synthetic/pattern_noise_jitter/002-004_12895.png
002-004_12895,002-004,2,color_shift_jitter,data/e05_synthetic/color_shift_jitter/002-004_12895.png
002-004_12940,002-004,3,clean,data/e05_synthetic/clean/002-004_12940.png
002-004_12940,002-004,3,pattern_noise,data/e05_synthetic/pattern_noise/002-004_12940.png
002-004_12940,002-004,3,color_shift,data/e05_synthetic/color_shift/002-004_12940.png
002-004_12940,002-004,3,pattern_noise_jitter,data/e05_synthetic/pattern_noise_jitter/002-004_12940.png
002-004_12940,002-004,3,color_shift_jitter,data/e05_synthetic/color_shift_jitter/002-004_12940.png
002-004_13013,002-004,3,clean,data/e05_synthetic/clean/002-004_13013.png
002-004_13013,002-004,3,pattern_noise,data/e05_synthetic/pattern_noise/002-004_13013.png
002-004_13013,002-004,3,color_shift,data/e05_synthetic/color_shift/002-004_13013.png
002-004_13013,002-004,3,pattern_noise_jitter,data/e05_synthetic/pattern_noise_jitter/002-004_13013.png
002-004_13013,002-004,3,color_shift_jitter,data/e05_synthetic/color_shift_jitter/002-004_13013.png
002-004_13056,002-004,2,clean,data/e05_synthetic/clean/002-004_13056.png
002-004_13056,002-004,2,pattern_noise,data/e05_synthetic/pattern_noise/002-004_13056.png
002-004_13056,002-004,2,color_shift,data/e05_synthetic/color_shift/002-004_13056.png
002-004_13056,002-004,2,pattern_noise_jitter,data/e05_synthetic/pattern_noise_jitter/002-004_13056.png
002-004_13056,002-004,2,color_shift_jitter,data/e05_synthetic/color_shift_jitter/002-004_13056.png
002-004_13618,002-004,2,clean,data/e05_synthetic/clean/002-004_13618.png
002-004_13618,002-004,2,pattern_noise,data/e05_synthetic/pattern_noise/002-004_13618.png
002-004_13618,002-004,2,color_shift,data/e05_synthetic/color_shift/002-004_13618.png
002-004_13618,002-004,2,pattern_noise_jitter,data/e05_synthetic/pattern_noise_jitter/002-004_13618.png
002-004_13618,002-004,2,color_shift_jitter,data/e05_synthetic/color_shift_jitter/002-004_13618.png
002-004_13665,002-004,2,clean,data/e05_synthetic/clean/002-004_13665.png
002-004_13665,002-004,2,pattern_noise,data/e05_synthetic/pattern_noise/002-004_13665.png
002-004_13665,002-004,2,color_shift,data/e05_synthetic/color_shift/002-004_13665.png
002-004_13665,002-004,2,pattern_noise_jitter,data/e05_synthetic/pattern_noise_jitter/002-004_13665.png
002-004_13665,002-004,2,color_shift_jitter,data/e05_synthetic/color_shift_jitter/002-004_13665.png
002-004_13708,002-004,3,clean,data/e05_synthetic/clean/002-004_13708.png
002-004_13708,002-004,3,pattern_noise,data/e05_synthetic/pattern_noise/002-004_13708.png
002-004_13708,002-004,3,color_shift,data/e05_synthetic/color_shift/002-004_13708.png
002-004_13708,002-004,3,pattern_noise_jitter,data/e05_synthetic/pattern_noise_jitter/002-004_13708.png
002-004_13708,002-004,3,color_shift_jitter,data/e05_synthetic/color_shift_jitter/002-004_13708.png
002-004_13736,002-004,1,clean,data/e05_synthetic/clean/002-004_13736.png
002-004_13736,002-004,1,pattern_noise,data/e05_synthetic/pattern_noise/002-004_13736.png
002-004_13736,002-004,1,color_shift,data/e05_synthetic/color_shift/002-004_13736.png
002-004_13736,002-004,1,pattern_noise_jitter,data/e05_synthetic/pattern_noise_jitter/002-004_13736.png
002-004_13736,002-004,1,color_shift_jitter,data/e05_synthetic/color_shift_jitter/002-004_13736.png
002-004_13935,002-004,0,clean,data/e05_synthetic/clean/002-004_13935.png
002-004_13935,002-004,0,pattern_noise,data/e05_synthetic/pattern_noise/002-004_13935.png
002-004_13935,002-004,0,color_shift,data/e05_synthetic/color_shift/002-004_13935.png
002-004_13935,002-004,0,pattern_noise_jitter,data/e05_synthetic/pattern_noise_jitter/002-004_13935.png
002-004_13935,002-004,0,color_shift_jitter,data/e05_synthetic/color_shift_jitter/002-004_13935.png
002-004_13956,002-004,0,clean,data/e05_synthetic/clean/002-004_13956.png
002-004_13956,002-004,0,pattern_noise,data/e05_synthetic/pattern_noise/002-004_13956.png
002-004_13956,002-004,0,color_shift,data/e05_synthetic/color_shift/002-004_13956.png
002-004_13956,002-004,0,pattern_noise_jitter,data/e05_synthetic/pattern_noise_jitter/002-004_13956.png
002-004_13956,002-004,0,color_shift_jitter,data/e05_synthetic/color_shift_jitter/002-004_13956.png
002-004_14184,002-004,3,clean,data/e05_synthetic/clean/002-004_14184.png
002-004_14184,002-004,3,pattern_noise,data/e05_synthetic/pattern_noise/002-004_14184.png
002-004_14184,002-004,3,color_shift,data/e05_synthetic/color_shift/002-004_14184.png
002-004_14184,002-004,3,pattern_noise_jitter,data/e05_synthetic/pattern_noise_jitter/002-004_14184.png
002-004_14184,002-004,3,color_shift_jitter,data/e05_synthetic/color_shift_jitter/002-004_14184.png
002-004_14238,002-004,0,clean,data/e05_synthetic/clean/002-004_14238.png
002-004_14238,002-004,0,pattern_noise,data/e05_synthetic/pattern_noise/002-004_14238.png
002-004_14238,002-004,0,color_shift,data/e05_synthetic/color_shift/002-004_14238.png
002-004_14238,002-004,0,pattern_noise_jitter,data/e05_synthetic/pattern_noise_jitter/002-004_14238.png
002-004_14238,002-004,0,color_shift_jitter,data/e05_synthetic/color_shift_jitter/002-004_14238.png
002-004_14515,002-004,3,clean,data/e05_synthetic/clean/002-004_14515.png
002-004_14515,002-004,3,pattern_noise,data/e05_synthetic/pattern_noise/002-004_14515.png
002-004_14515,002-004,3,color_shift,data/e05_synthetic/color_shift/002-004_14515.png
002-004_14515,002-004,3,pattern_noise_jitter,data/e05_synthetic/pattern_noise_jitter/002-004_14515.png
002-004_14515,002-004,3,color_shift_jitter,data/e05_synthetic/color_shift_jitter/002-004_14515.png
002-004_14572,002-004,3,clean,data/e05_synthetic/clean/002-004_14572.png
002-004_14572,002-004,3,pattern_noise,data/e05_synthetic/pattern_noise/002-004_14572.png
002-004_14572,002-004,3,color_shift,data/e05_synthetic/color_shift/002-004_14572.png
002-004_14572,002-004,3,pattern_noise_jitter,data/e05_synthetic/pattern_noise_jitter/002-004_14572.png
002-004_14572,002-004,3,color_shift_jitter,data/e05_synthetic/color_shift_jitter/002-004_14572.png
002-004_14602,002-004,1,clean,data/e05_synthetic/clean/002-004_14602.png
002-004_14602,002-004,1,pattern_noise,data/e05_synthetic/pattern_noise/002-004_14602.png
002-004_14602,002-004,1,color_shift,data/e05_synthetic/color_shift/002-004_14602.png
002-004_14602,002-004,1,pattern_noise_jitter,data/e05_synthetic/pattern_noise_jitter/002-004_14602.png
002-004_14602,002-004,1,color_shift_jitter,data/e05_synthetic/color_shift_jitter/002-004_14602.png
002-004_14710,002-004,2,clean,data/e05_synthetic/clean/002-004_14710.png
002-004_14710,002-004,2,pattern_noise,data/e05_synthetic/pattern_noise/002-004_14710.png
002-004_14710,002-004,2,color_shift,data/e05_synthetic/color_shift/002-004_14710.png
002-004_14710,002-004,2,pattern_noise_jitter,data/e05_synthetic/pattern_noise_jitter/002-004_14710.png
002-004_14710,002-004,2,color_shift_jitter,data/e05_synthetic/color_shift_jitter/002-004_14710.png
002-004_14848,002-004,0,clean,data/e05_synthetic/clean/002-004_14848.png
002-004_14848,002-004,0,pattern_noise,data/e05_synthetic/pattern_noise/002-004_14848.png
002-004_14848,002-004,0,color_shift,data/e05_synthetic/color_shift/002-004_14848.png
002-004_14848,002-004,0,pattern_noise_jitter,data/e05_synthetic/pattern_noise_jitter/002-004_14848.png
002-004_14848,002-004,0,color_shift_jitter,data/e05_synthetic/color_shift_jitter/002-004_14848.png
002-004_14866,002-004,3,clean,data/e05_synthetic/clean/002-004_14866.png
002-004_14866,002-004,3,pattern_noise,data/e05_synthetic/pattern_noise/002-004_14866.png
002-004_14866,002-004,3,color_shift,data/e05_synthetic/color_shift/002-004_14866.png
002-004_14866,002-004,3,pattern_noise_jitter,data/e05_synthetic/pattern_noise_jitter/002-004_14866.png
002-004_14866,002-004,3,color_shift_jitter,data/e05_synthetic/color_shift_jitter/002-004_14866.png
002-004_14873,002-004,2,clean,data/e05_synthetic/clean/002-004_14873.png
002-004_14873,002-004,2,pattern_noise,data/e05_synthetic/pattern_noise/002-004_14873.png
002-004_14873,002-004,2,color_shift,data/e05_synthetic/color_shift/002-004_14873.png
002-004_14873,002-004,2,pattern_noise_jitter,data/e05_synthetic/pattern_noise_jitter/002-004_14873.png
002-004_14873,002-004,2,color_shift_jitter,data/e05_synthetic/color_shift_jitter/002-004_14873.png
002-004_15223,002-004,0,clean,data/e05_synthetic/clean/002-004_15223.png
002-004_15223,002-004,0,pattern_noise,data/e05_synthetic/pattern_noise/002-004_15223.png
002-004_15223,002-004,0,color_shift,data/e05_synthetic/color_shift/002-004_15223.png
002-004_15223,002-004,0,pattern_noise_jitter,data/e05_synthetic/pattern_noise_jitter/002-004_15223.png
002-004_15223,002-004,0,color_shift_jitter,data/e05_synthetic/color_shift_jitter/002-004_15223.png
002-004_15318,002-004,3,clean,data/e05_synthetic/clean/002-004_15318.png
002-004_15318,002-004,3,pattern_noise,data/e05_synthetic/pattern_noise/002-004_15318.png
002-004_15318,002-004,3,color_shift,data/e05_synthetic/color_shift/002-004_15318.png
002-004_15318,002-004,3,pattern_noise_jitter,data/e05_synthetic/pattern_noise_jitter/002-004_15318.png
002-004_15318,002-004,3,color_shift_jitter,data/e05_synthetic/color_shift_jitter/002-004_15318.png
002-004_15362,002-004,1,clean,data/e05_synthetic/clean/002-004_15362.png
002-004_15362,002-004,1,pattern_noise,data/e05_synthetic/pattern_noise/002-004_15362.png
002-004_15362,002-004,1,color_shift,data/e05_synthetic/color_shift/002-004_15362.png
002-004_15362,002-004,1,pattern_noise_jitter,data/e05_synthetic/pattern_noise_jitter/002-004_15362.png
002-004_15362,002-004,1,color_shift_jitter,data/e05_synthetic/color_shift_jitter/002-004_15362.png
002-004_15375,002-004,1,clean,data/e05_synthetic/clean/002-004_15375.png
002-004_15375,002-004,1,pattern_noise,data/e05_synthetic/pattern_noise/002-004_15375.png
002-004_15375,002-004,1,color_shift,data/e05_synthetic/color_shift/002-004_15375.png
002-004_15375,002-004,1,pattern_noise_jitter,data/e05_synthetic/pattern_noise_jitter/002-004_15375.png
002-004_15375,002-004,1,color_shift_jitter,data/e05_synthetic/color_shift_jitter/002-004_15375.png
002-004_15544,002-004,2,clean,data/e05_synthetic/clean/002-004_15544.png
002-004_15544,002-004,2,pattern_noise,data/e05_synthetic/pattern_noise/002-004_15544.png
002-004_15544,002-004,2,color_shift,data/e05_synthetic/color_shift/002-004_15544.png
002-004_15544,002-004,2,pattern_noise_jitter,data/e05_synthetic/pattern_noise_jitter/002-004_15544.png
002-004_15544,002-004,2,color_shift_jitter,data/e05_synthetic/color_shift_jitter/002-004_15544.png
002-004_15575,002-004,1,clean,data/e05_synthetic/clean/002-004_15575.png
002-004_15575,002-004,1,pattern_noise,data/e05_synthetic/pattern_noise/002-004_15575.png
002-004_15575,002-004,1,color_shift,data/e05_synthetic/color_shift/002-004_15575.png
002-004_15575,002-004,1,pattern_noise_jitter,data/e05_synthetic/pattern_noise_jitter/002-004_15575.png
002-004_15575,002-004,1,color_shift_jitter,data/e05_synthetic/color_shift_jitter/002-004_15575.png
002-004_15687,002-004,0,clean,data/e05_synthetic/clean/002-004_15687.png
002-004_15687,002-004,0,pattern_noise,data/e05_synthetic/pattern_noise/002-004_15687.png
002-004_15687,002-004,0,color_shift,data/e05_synthetic/color_shift/002-004_15687.png
002-004_15687,002-004,0,pattern_noise_jitter,data/e05_synthetic/pattern_noise_jitter/002-004_15687.png
002-004_15687,002-004,0,color_shift_jitter,data/e05_synthetic/color_shift_jitter/002-004_15687.png
002-004_15786,002-004,2,clean,data/e05_synthetic/clean/002-004_15786.png
002-004_15786,002-004,2,pattern_noise,data/e05_synthetic/pattern_noise/002-004_15786.png
002-004_15786,002-004,2,color_shift,data/e05_synthetic/color_shift/002-004_15786.png
002-004_15786,002-004,2,pattern_noise_jitter,data/e05_synthetic/pattern_noise_jitter/002-004_15786.png
002-004_15786,002-004,2,color_shift_jitter,data/e05_synthetic/color_shift_jitter/002-004_15786.png
002-004_15800,002-004,1,clean,data/e05_synthetic/clean/002-004_15800.png
002-004_15800,002-004,1,pattern_noise,data/e05_synthetic/pattern_noise/002-004_15800.png
002-004_15800,002-004,1,color_shift,data/e05_synthetic/color_shift/002-004_15800.png
002-004_15800,002-004,1,pattern_noise_jitter,data/e05_synthetic/pattern_noise_jitter/002-004_15800.png
002-004_15800,002-004,1,color_shift_jitter,data/e05_synthetic/color_shift_jitter/002-004_15800.png
002-004_15849,002-004,3,clean,data/e05_synthetic/clean/002-004_15849.png
002-004_15849,002-004,3,pattern_noise,data/e05_synthetic/pattern_noise/002-004_15849.png
002-004_15849,002-004,3,color_shift,data/e05_synthetic/color_shift/002-004_15849.png
002-004_15849,002-004,3,pattern_noise_jitter,data/e05_synthetic/pattern_noise_jitter/002-004_15849.png
002-004_15849,002-004,3,color_shift_jitter,data/e05_synthetic/color_shift_jitter/002-004_15849.png
002-004_15934,002-004,0,clean,data/e05_synthetic/clean/002-004_15934.png
002-004_15934,002-004,0,pattern_noise,data/e05_synthetic/pattern_noise/002-004_15934.png
002-004_15934,002-004,0,color_shift,data/e05_synthetic/color_shift/002-004_15934.png
002-004_15934,002-004,0,pattern_noise_jitter,data/e05_synthetic/pattern_noise_jitter/002-004_15934.png
002-004_15934,002-004,0,color_shift_jitter,data/e05_synthetic/color_shift_jitter/002-004_15934.png
002-004_16015,002-004,1,clean,data/e05_synthetic/clean/002-004_16015.png
002-004_16015,002-004,1,pattern_noise,data/e05_synthetic/pattern_noise/002-004_16015.png
002-004_16015,002-004,1,color_shift,data/e05_synthetic/color_shift/002-004_16015.png
002-004_16015,002-004,1,pattern_noise_jitter,data/e05_synthetic/pattern_noise_jitter/002-004_16015.png
002-004_16015,002-004,1,color_shift_jitter,data/e05_synthetic/color_shift_jitter/002-004_16015.png
002-004_16057,002-004,0,clean,data/e05_synthetic/clean/002-004_16057.png
002-004_16057,002-004,0,pattern_noise,data/e05_synthetic/pattern_noise/002-004_16057.png
002-004_16057,002-004,0,color_shift,data/e05_synthetic/color_shift/002-004_16057.png
002-004_16057,002-004,0,pattern_noise_jitter,data/e05_synthetic/pattern_noise_jitter/002-004_16057.png
002-004_16057,002-004,0,color_shift_jitter,data/e05_synthetic/color_shift_jitter/002-004_16057.png
002-004_16064,002-004,2,clean,data/e05_synthetic/clean/002-004_16064.png
002-004_16064,002-004,2,pattern_noise,data/e05_synthetic/pattern_noise/002-004_16064.png
002-004_16064,002-004,2,color_shift,data/e05_synthetic/color_shift/002-004_16064.png
002-004_16064,002-004,2,pattern_noise_jitter,data/e05_synthetic/pattern_noise_jitter/002-004_16064.png
002-004_16064,002-004,2,color_shift_jitter,data/e05_synthetic/color_shift_jitter/002-004_16064.png
002-004_16402,002-004,3,clean,data/e05_synthetic/clean/002-004_16402.png
002-004_16402,002-004,3,pattern_noise,data/e05_synthetic/pattern_noise/002-004_16402.png
002-004_16402,002-004,3,color_shift,data/e05_synthetic/color_shift/002-004_16402.png
002-004_16402,002-004,3,pattern_noise_jitter,data/e05_synthetic/pattern_noise_jitter/002-004_16402.png
002-004_16402,002-004,3,color_shift_jitter,data/e05_synthetic/color_shift_jitter/002-004_16402.png
002-004_16472,002-004,3,clean,data/e05_synthetic/clean/002-004_16472.png
002-004_16472,002-004,3,pattern_noise,data/e05_synthetic/pattern_noise/002-004_16472.png
002-004_16472,002-004,3,color_shift,data/e05_synthetic/color_shift/002-004_16472.png
002-004_16472,002-004,3,pattern_noise_jitter,data/e05_synthetic/pattern_noise_jitter/002-004_16472.png
002-004_16472,002-004,3,color_shift_jitter,data/e05_synthetic/color_shift_jitter/002-004_16472.png
002-004_16912,002-004,1,clean,data/e05_synthetic/clean/002-004_16912.png
002-004_16912,002-004,1,pattern_noise,data/e05_synthetic/pattern_noise/002-004_16912.png
002-004_16912,002-004,1,color_shift,data/e05_synthetic/color_shift/002-004_16912.png
002-004_16912,002-004,1,pattern_noise_jitter,data/e05_synthetic/pattern_noise_jitter/002-004_16912.png
002-004_16912,002-004,1,color_shift_jitter,data/e05_synthetic/color_shift_jitter/002-004_16912.png
002-004_16917,002-004,0,clean,data/e05_synthetic/clean/002-004_16917.png
002-004_16917,002-004,0,pattern_noise,data/e05_synthetic/pattern_noise/002-004_16917.png
002-004_16917,002-004,0,color_shift,data/e05_synthetic/color_shift/002-004_16917.png
002-004_16917,002-004,0,pattern_noise_jitter,data/e05_synthetic/pattern_noise_jitter/002-004_16917.png
002-004_16917,002-004,0,color_shift_jitter,data/e05_synthetic/color_shift_jitter/002-004_16917.png
002-004_17140,002-004,2,clean,data/e05_synthetic/clean/002-004_17140.png
002-004_17140,002-004,2,pattern_noise,data/e05_synthetic/pattern_noise/002-004_17140.png
002-004_17140,002-004,2,color_shift,data/e05_synthetic/color_shift/002-004_17140.png
002-004_17140,002-004,2,pattern_noise_jitter,data/e05_synthetic/pattern_noise_jitter/002-004_17140.png
002-004_17140,002-004,2,color_shift_jitter,data/e05_synthetic/color_shift_jitter/002-004_17140.png
002-004_17240,002-004,0,clean,data/e05_synthetic/clean/002-004_17240.png
002-004_17240,002-004,0,pattern_noise,data/e05_synthetic/pattern_noise/002-004_17240.png
002-004_17240,002-004,0,color_shift,data/e05_synthetic/color_shift/002-004_17240.png
002-004_17240,002-004,0,pattern_noise_jitter,data/e05_synthetic/pattern_noise_jitter/002-004_17240.png
002-004_17240,002-004,0,color_shift_jitter,data/e05_synthetic/color_shift_jitter/002-004_17240.png
002-004_17496,002-004,2,clean,data/e05_synthetic/clean/002-004_17496.png
002-004_17496,002-004,2,pattern_noise,data/e05_synthetic/pattern_noise/002-004_17496.png
002-004_17496,002-004,2,color_shift,data/e05_synthetic/color_shift/002-004_17496.png
002-004_17496,002-004,2,pattern_noise_jitter,data/e05_synthetic/pattern_noise_jitter/002-004_17496.png
002-004_17496,002-004,2,color_shift_jitter,data/e05_synthetic/color_shift_jitter/002-004_17496.png
002-004_17719,002-004,0,clean,data/e05_synthetic/clean/002-004_17719.png
002-004_17719,002-004,0,pattern_noise,data/e05_synthetic/pattern_noise/002-004_17719.png
002-004_17719,002-004,0,color_shift,data/e05_synthetic/color_shift/002-004_17719.png
002-004_17719,002-004,0,pattern_noise_jitter,data/e05_synthetic/pattern_noise_jitter/002-004_17719.png
002-004_17719,002-004,0,color_shift_jitter,data/e05_synthetic/color_shift_jitter/002-004_17719.png
002-004_17859,002-004,1,clean,data/e05_synthetic/clean/002-004_17859.png
002-004_17859,002-004,1,pattern_noise,data/e05_synthetic/pattern_noise/002-004_17859.png
002-004_17859,002-004,1,color_shift,data/e05_synthetic/color_shift/002-004_17859.png
002-004_17859,002-004,1,pattern_noise_jitter,data/e05_synthetic/pattern_noise_jitter/002-004_17859.png
002-004_17859,002-004,1,color_shift_jitter,data/e05_synthetic/color_shift_jitter/002-004_17859.png
002-004_17896,002-004,2,clean,data/e05_synthetic/clean/002-004_17896.png
002-004_17896,002-004,2,pattern_noise,data/e05_synthetic/pattern_noise/002-004_17896.png
002-004_17896,002-004,2,color_shift,data/e05_synthetic/color_shift/002-004_17896.png
002-004_17896,002-004,2,pattern_noise_jitter,data/e05_synthetic/pattern_noise_jitter/002-004_17896.png
002-004_17896,002-004,2,color_shift_jitter,data/e05_synthetic/color_shift_jitter/002-004_17896.png
002-004_17945,002-004,2,clean,data/e05_synthetic/clean/002-004_17945.png
002-004_17945,002-004,2,pattern_noise,data/e05_synthetic/pattern_noise/002-004_17945.png
002-004_17945,002-004,2,color_shift,data/e05_synthetic/color_shift/002-004_17945.png
002-004_17945,002-004,2,pattern_noise_jitter,data/e05_synthetic/pattern_noise_jitter/002-004_17945.png
002-004_17945,002-004,2,color_shift_jitter,data/e05_synthetic/color_shift_jitter/002-004_17945.png
002-004_18341,002-004,1,clean,data/e05_synthetic/clean/002-004_18341.png
002-004_18341,002-004,1,pattern_noise,data/e05_synthetic/pattern_noise/002-004_18341.png
002-004_18341,002-004,1,color_shift,data/e05_synthetic/color_shift/002-004_18341.png
002-004_18341,002-004,1,pattern_noise_jitter,data/e05_synthetic/pattern_noise_jitter/002-004_18341.png
002-004_18341,002-004,1,color_shift_jitter,data/e05_synthetic/color_shift_jitter/002-004_18341.png
002-004_18413,002-004,2,clean,data/e05_synthetic/clean/002-004_18413.png
002-004_18413,002-004,2,pattern_noise,data/e05_synthetic/pattern_noise/002-004_18413.png
002-004_18413,002-004,2,color_shift,data/e05_synthetic/color_shift/002-004_18413.png
002-004_18413,002-004,2,pattern_noise_jitter,data/e05_synthetic/pattern_noise_jitter/002-004_18413.png
002-004_18413,002-004,2,color_shift_jitter,data/e05_synthetic/color_shift_jitter/002-004_18413.png
002-004_18414,002-004,0,clean,data/e05_synthetic/clean/002-004_18414.png
002-004_18414,002-004,0,pattern_noise,data/e05_synthetic/pattern_noise/002-004_18414.png
002-004_18414,002-004,0,color_shift,data/e05_synthetic/color_shift/002-004_18414.png
002-004_18414,002-004,0,pattern_noise_jitter,data/e05_synthetic/pattern_noise_jitter/002-004_18414.png
002-004_18414,002-004,0,color_shift_jitter,data/e05_synthetic/color_shift_jitter/002-004_18414.png
002-004_18421,002-004,2,clean,data/e05_synthetic/clean/002-004_18421.png
002-004_18421,002-004,2,pattern_noise,data/e05_synthetic/pattern_noise/002-004_18421.png
002-004_18421,002-004,2,color_shift,data/e05_synthetic/color_shift/002-004_18421.png
002-004_18421,002-004,2,pattern_noise_jitter,data/e05_synthetic/pattern_noise_jitter/002-004_18421.png
002-004_18421,002-004,2,color_shift_jitter,data/e05_synthetic/color_shift_jitter/002-004_18421.png
002-004_18567,002-004,3,clean,data/e05_synthetic/clean/002-004_18567.png
002-004_18567,002-004,3,pattern_noise,data/e05_synthetic/pattern_noise/002-004_18567.png
002-004_18567,002-004,3,color_shift,data/e05_synthetic/color_shift/002-004_18567.png
002-004_18567,002-004,3,pattern_noise_jitter,data/e05_synthetic/pattern_noise_jitter/002-004_18567.png
002-004_18567,002-004,3,color_shift_jitter,data/e05_synthetic/color_shift_jitter/002-004_18567.png
002-004_18622,002-004,2,clean,data/e05_synthetic/clean/002-004_18622.png
002-004_18622,002-004,2,pattern_noise,data/e05_synthetic/pattern_noise/002-004_18622.png
002-004_18622,002-004,2,color_shift,data/e05_synthetic/color_shift/002-004_18622.png
002-004_18622,002-004,2,pattern_noise_jitter,data/e05_synthetic/pattern_noise_jitter/002-004_18622.png
002-004_18622,002-004,2,color_shift_jitter,data/e05_synthetic/color_shift_jitter/002-004_18622.png
002-004_18692,002-004,0,clean,data/e05_synthetic/clean/002-004_18692.png
002-004_18692,002-004,0,pattern_noise,data/e05_synthetic/pattern_noise/002-004_18692.png
002-004_18692,002-004,0,color_shift,data/e05_synthetic/color_shift/002-004_18692.png
002-004_18692,002-004,0,pattern_noise_jitter,data/e05_synthetic/pattern_noise_jitter/002-004_18692.png
002-004_18692,002-004,0,color_shift_jitter,data/e05_synthetic/color_shift_jitter/002-004_18692.png
002-004_18874,002-004,0,clean,data/e05_synthetic/clean/002-004_18874.png
002-004_18874,002-004,0,pattern_noise,data/e05_synthetic/pattern_noise/002-004_18874.png
002-004_18874,002-004,0,color_shift,data/e05_synthetic/color_shift/002-004_18874.png
002-004_18874,002-004,0,pattern_noise_jitter,data/e05_synthetic/pattern_noise_jitter/002-004_18874.png
002-004_18874,002-004,0,color_shift_jitter,data/e05_synthetic/color_shift_jitter/002-004_18874.png
002-004_18928,002-004,3,clean,data/e05_synthetic/clean/002-004_18928.png
002-004_18928,002-004,3,pattern_noise,data/e05_synthetic/pattern_noise/002-004_18928.png
002-004_18928,002-004,3,color_shift,data/e05_synthetic/color_shift/002-004_18928.png
002-004_18928,002-004,3,pattern_noise_jitter,data/e05_synthetic/pattern_noise_jitter/002-004_18928.png
002-004_18928,002-004,3,color_shift_jitter,data/e05_synthetic/color_shift_jitter/002-004_18928.png
002-004_18982,002-004,3,clean,data/e05_synthetic/clean/002-004_18982.png
002-004_18982,002-004,3,pattern_noise,data/e05_synthetic/pattern_noise/002-004_18982.png
002-004_18982,002-004,3,color_shift,data/e05_synthetic/color_shift/002-004_18982.png
002-004_18982,002-004,3,pattern_noise_jitter,data/e05_synthetic/pattern_noise_jitter/002-004_18982.png
002-004_18982,002-004,3,color_shift_jitter,data/e05_synthetic/color_shift_jitter/002-004_18982.png
002-004_19147,002-004,3,clean,data/e05_synthetic/clean/002-004_19147.png
002-004_19147,002-004,3,pattern_noise,data/e05_synthetic/pattern_noise/002-004_19147.png
002-004_19147,002-004,3,color_shift,data/e05_synthetic/color_shift/002-004_19147.png
002-004_19147,002-004,3,pattern_noise_jitter,data/e05_synthetic/pattern_noise_jitter/002-004_19147.png
002-004_19147,002-004,3,color_shift_jitter,data/e05_synthetic/color_shift_jitter/002-004_19147.png
002-004_19331,002-004,2,clean,data/e05_synthetic/clean/002-004_19331.png
002-004_19331,002-004,2,pattern_noise,data/e05_synthetic/pattern_noise/002-004_19331.png
002-004_19331,002-004,2,color_shift,data/e05_synthetic/color_shift/002-004_19331.png
002-004_19331,002-004,2,pattern_noise_jitter,data/e05_synthetic/pattern_noise_jitter/002-004_19331.png
002-004_19331,002-004,2,color_shift_jitter,data/e05_synthetic/color_shift_jitter/002-004_19331.png
002-004_19458,002-004,1,clean,data/e05_synthetic/clean/002-004_19458.png
002-004_19458,002-004,1,pattern_noise,data/e05_synthetic/pattern_noise/002-004_19458.png
002-004_19458,002-004,1,color_shift,data/e05_synthetic/color_shift/002-004_19458.png
002-004_19458,002-004,1,pattern_noise_jitter,data/e05_synthetic/pattern_noise_jitter/002-004_19458.png
002-004_19458,002-004,1,color_shift_jitter,data/e05_synthetic/color_shift_jitter/002-004_19458.png
002-004_19463,002-004,0,clean,data/e05_synthetic/clean/002-004_19463.png
002-004_19463,002-004,0,pattern_noise,data/e05_synthetic/pattern_noise/002-004_19463.png
002-004_19463,002-004,0,color_shift,data/e05_synthetic/color_shift/002-004_19463.png
002-004_19463,002-004,0,pattern_noise_jitter,data/e05_synthetic/pattern_noise_jitter/002-004_19463.png
002-004_19463,002-004,0,color_shift_jitter,data/e05_synthetic/color_shift_jitter/002-004_19463.png
002-004_19502,002-004,2,clean,data/e05_synthetic/clean/002-004_19502.png
002-004_19502,002-004,2,pattern_noise,data/e05_synthetic/pattern_noise/002-004_19502.png
002-004_19502,002-004,2,color_shift,data/e05_synthetic/color_shift/002-004_19502.png
002-004_19502,002-004,2,pattern_noise_jitter,data/e05_synthetic/pattern_noise_jitter/002-004_19502.png
002-004_19502,002-004,2,color_shift_jitter,data/e05_synthetic/color_shift_jitter/002-004_19502.png
002-004_19571,002-004,2,clean,data/e05_synthetic/clean/002-004_19571.png
002-004_19571,002-004,2,pattern_noise,data/e05_synthetic/pattern_noise/002-004_19571.png
002-004_19571,002-004,2,color_shift,data/e05_synthetic/color_shift/002-004_19571.png
002-004_19571,002-004,2,pattern_noise_jitter,data/e05_synthetic/pattern_noise_jitter/002-004_19571.png
002-004_19571,002-004,2,color_shift_jitter,data/e05_synthetic/color_shift_jitter/002-004_19571.png
002-004_19575,002-004,2,clean,data/e05_synthetic/clean/002-004_19575.png
002-004_19575,002-004,2,pattern_noise,data/e05_synthetic/pattern_noise/002-004_19575.png
002-004_19575,002-004,2,color_shift,data/e05_synthetic/color_shift/002-004_19575.png
002-004_19575,002-004,2,pattern_noise_jitter,data/e05_synthetic/pattern_noise_jitter/002-004_19575.png
002-004_19575,002-004,2,color_shift_jitter,data/e05_synthetic/color_shift_jitter/002-004_19575.png
002-004_19595,002-004,0,clean,data/e05_synthetic/clean/002-004_19595.png
002-004_19595,002-004,0,pattern_noise,data/e05_synthetic/pattern_noise/002-004_19595.png
002-004_19595,002-004,0,color_shift,data/e05_synthetic/color_shift/002-004_19595.png
002-004_19595,002-004,0,pattern_noise_jitter,data/e05_synthetic/pattern_noise_jitter/002-004_19595.png
002-004_19595,002-004,0,color_shift_jitter,data/e05_synthetic/color_shift_jitter/002-004_19595.png
002-004_19637,002-004,3,clean,data/e05_synthetic/clean/002-004_19637.png
002-004_19637,002-004,3,pattern_noise,data/e05_synthetic/pattern_noise/002-004_19637.png
002-004_19637,002-004,3,color_shift,data/e05_synthetic/color_shift/002-004_19637.png
002-004_19637,002-004,3,pattern_noise_jitter,data/e05_synthetic/pattern_noise_jitter/002-004_19637.png
002-004_19637,002-004,3,color_shift_jitter,data/e05_synthetic/color_shift_jitter/002-004_19637.png
002-004_19658,002-004,1,clean,data/e05_synthetic/clean/002-004_19658.png
002-004_19658,002-004,1,pattern_noise,data/e05_synthetic/pattern_noise/002-004_19658.png
002-004_19658,002-004,1,color_shift,data/e05_synthetic/color_shift/002-004_19658.png
002-004_19658,002-004,1,pattern_noise_jitter,data/e05_synthetic/pattern_noise_jitter/002-004_19658.png
002-004_19658,002-004,1,color_shift_jitter,data/e05_synthetic/color_shift_jitter/002-004_19658.png
002-004_19777,002-004,0,clean,data/e05_synthetic/clean/002-004_19777.png
002-004_19777,002-004,0,pattern_noise,data/e05_synthetic/pattern_noise/002-004_19777.png
002-004_19777,002-004,0,color_shift,data/e05_synthetic/color_shift/002-004_19777.png
002-004_19777,002-004,0,pattern_noise_jitter,data/e05_synthetic/pattern_noise_jitter/002-004_19777.png
002-004_19777,002-004,0,color_shift_jitter,data/e05_synthetic/color_shift_jitter/002-004_19777.png
002-004_19904,002-004,1,clean,data/e05_synthetic/clean/002-004_19904.png
002-004_19904,002-004,1,pattern_noise,data/e05_synthetic/pattern_noise/002-004_19904.png
002-004_19904,002-004,1,color_shift,data/e05_synthetic/color_shift/002-004_19904.png
002-004_19904,002-004,1,pattern_noise_jitter,data/e05_synthetic/pattern_noise_jitter/002-004_19904.png
002-004_19904,002-004,1,color_shift_jitter,data/e05_synthetic/color_shift_jitter/002-004_19904.png
002-004_20037,002-004,3,clean,data/e05_synthetic/clean/002-004_20037.png
002-004_20037,002-004,3,pattern_noise,data/e05_synthetic/pattern_noise/002-004_20037.png
002-004_20037,002-004,3,color_shift,data/e05_synthetic/color_shift/002-004_20037.png
002-004_20037,002-004,3,pattern_noise_jitter,data/e05_synthetic/pattern_noise_jitter/002-004_20037.png
002-004_20037,002-004,3,color_shift_jitter,data/e05_synthetic/color_shift_jitter/002-004_20037.png
002-004_20164,002-004,3,clean,data/e05_synthetic/clean/002-004_20164.png
002-004_20164,002-004,3,pattern_noise,data/e05_synthetic/pattern_noise/002-004_20164.png
002-004_20164,002-004,3,color_shift,data/e05_synthetic/color_shift/002-004_20164.png
002-004_20164,002-004,3,pattern_noise_jitter,data/e05_synthetic/pattern_noise_jitter/002-004_20164.png
002-004_20164,002-004,3,color_shift_jitter,data/e05_synthetic/color_shift_jitter/002-004_20164.png
002-004_20233,002-004,0,clean,data/e05_synthetic/clean/002-004_20233.png
002-004_20233,002-004,0,pattern_noise,data/e05_synthetic/pattern_noise/002-004_20233.png
002-004_20233,002-004,0,color_shift,data/e05_synthetic/color_shift/002-004_20233.png
002-004_20233,002-004,0,pattern_noise_jitter,data/e05_synthetic/pattern_noise_jitter/002-004_20233.png
002-004_20233,002-004,0,color_shift_jitter,data/e05_synthetic/color_shift_jitter/002-004_20233.png
002-004_20375,002-004,1,clean,data/e05_synthetic/clean/002-004_20375.png
002-004_20375,002-004,1,pattern_noise,data/e05_synthetic/pattern_noise/002-004_20375.png
002-004_20375,002-004,1,color_shift,data/e05_synthetic/color_shift/002-004_20375.png
002-004_20375,002-004,1,pattern_noise_jitter,data/e05_synthetic/pattern_noise_jitter/002-004_20375.png
002-004_20375,002-004,1,color_shift_jitter,data/e05_synthetic/color_shift_jitter/002-004_20375.png
002-004_20467,002-004,3,clean,data/e05_synthetic/clean/002-004_20467.png
002-004_20467,002-004,3,pattern_noise,data/e05_synthetic/pattern_noise/002-004_20467.png
002-004_20467,002-004,3,color_shift,data/e05_synthetic/color_shift/002-004_20467.png
002-004_20467,002-004,3,pattern_noise_jitter,data/e05_synthetic/pattern_noise_jitter/002-004_20467.png
002-004_20467,002-004,3,color_shift_jitter,data/e05_synthetic/color_shift_jitter/002-004_20467.png
002-004_20488,002-004,1,clean,data/e05_synthetic/clean/002-004_20488.png
002-004_20488,002-004,1,pattern_noise,data/e05_synthetic/pattern_noise/002-004_20488.png
002-004_20488,002-004,1,color_shift,data/e05_synthetic/color_shift/002-004_20488.png
002-004_20488,002-004,1,pattern_noise_jitter,data/e05_synthetic/pattern_noise_jitter/002-004_20488.png
002-004_20488,002-004,1,color_shift_jitter,data/e05_synthetic/color_shift_jitter/002-004_20488.png
002-004_20614,002-004,3,clean,data/e05_synthetic/clean/002-004_20614.png
002-004_20614,002-004,3,pattern_noise,data/e05_synthetic/pattern_noise/002-004_20614.png
002-004_20614,002-004,3,color_shift,data/e05_synthetic/color_shift/002-004_20614.png
002-004_20614,002-004,3,pattern_noise_jitter,data/e05_synthetic/pattern_noise_jitter/002-004_20614.png
002-004_20614,002-004,3,color_shift_jitter,data/e05_synthetic/color_shift_jitter/002-004_20614.png
002-004_20631,002-004,1,clean,data/e05_synthetic/clean/002-004_20631.png
002-004_20631,002-004,1,pattern_noise,data/e05_synthetic/pattern_noise/002-004_20631.png
002-004_20631,002-004,1,color_shift,data/e05_synthetic/color_shift/002-004_20631.png
002-004_20631,002-004,1,pattern_noise_jitter,data/e05_synthetic/pattern_noise_jitter/002-004_20631.png
002-004_20631,002-004,1,color_shift_jitter,data/e05_synthetic/color_shift_jitter/002-004_20631.png
002-004_20645,002-004,1,clean,data/e05_synthetic/clean/002-004_20645.png
002-004_20645,002-004,1,pattern_noise,data/e05_synthetic/pattern_noise/002-004_20645.png
002-004_20645,002-004,1,color_shift,data/e05_synthetic/color_shift/002-004_20645.png
002-004_20645,002-004,1,pattern_noise_jitter,data/e05_synthetic/pattern_noise_jitter/002-004_20645.png
002-004_20645,002-004,1,color_shift_jitter,data/e05_synthetic/color_shift_jitter/002-004_20645.png
002-004_20737,002-004,0,clean,data/e05_synthetic/clean/002-004_20737.png
002-004_20737,002-004,0,pattern_noise,data/e05_synthetic/pattern_noise/002-004_20737.png
002-004_20737,002-004,0,color_shift,data/e05_synthetic/color_shift/002-004_20737.png
002-004_20737,002-004,0,pattern_noise_jitter,data/e05_synthetic/pattern_noise_jitter/002-004_20737.png
002-004_20737,002-004,0,color_shift_jitter,data/e05_synthetic/color_shift_jitter/002-004_20737.png
002-004_20850,002-004,0,clean,data/e05_synthetic/clean/002-004_20850.png
002-004_20850,002-004,0,pattern_noise,data/e05_synthetic/pattern_noise/002-004_20850.png
002-004_20850,002-004,0,color_shift,data/e05_synthetic/color_shift/002-004_20850.png
002-004_20850,002-004,0,pattern_noise_jitter,data/e05_synthetic/pattern_noise_jitter/002-004_20850.png
002-004_20850,002-004,0,color_shift_jitter,data/e05_synthetic/color_shift_jitter/002-004_20850.png
002-004_21098,002-004,3,clean,data/e05_synthetic/clean/002-004_21098.png
002-004_21098,002-004,3,pattern_noise,data/e05_synthetic/pattern_noise/002-004_21098.png
002-004_21098,002-004,3,color_shift,data/e05_synthetic/color_shift/002-004_21098.png
002-004_21098,002-004,3,pattern_noise_jitter,data/e05_synthetic/pattern_noise_jitter/002-004_21098.png
002-004_21098,002-004,3,color_shift_jitter,data/e05_synthetic/color_shift_jitter/002-004_21098.png
002-006_17610,002-006,2,clean,data/e05_synthetic/clean/002-006_17610.png
002-006_17610,002-006,2,pattern_noise,data/e05_synthetic/pattern_noise/002-006_17610.png
002-006_17610,002-006,2,color_shift,data/e05_synthetic/color_shift/002-006_17610.png
002-006_17610,002-006,2,pattern_noise_jitter,data/e05_synthetic/pattern_noise_jitter/002-006_17610.png
002-006_17610,002-006,2,color_shift_jitter,data/e05_synthetic/color_shift_jitter/002-006_17610.png
002-006_18033,002-006,0,clean,data/e05_synthetic/clean/002-006_18033.png
002-006_18033,002-006,0,pattern_noise,data/e05_synthetic/pattern_noise/002-006_18033.png
002-006_18033,002-006,0,color_shift,data/e05_synthetic/color_shift/002-006_18033.png
002-006_18033,002-006,0,pattern_noise_jitter,data/e05_synthetic/pattern_noise_jitter/002-006_18033.png
002-006_18033,002-006,0,color_shift_jitter,data/e05_synthetic/color_shift_jitter/002-006_18033.png
002-006_18104,002-006,0,clean,data/e05_synthetic/clean/002-006_18104.png
002-006_18104,002-006,0,pattern_noise,data/e05_synthetic/pattern_noise/002-006_18104.png
002-006_18104,002-006,0,color_shift,data/e05_synthetic/color_shift/002-006_18104.png
002-006_18104,002-006,0,pattern_noise_jitter,data/e05_synthetic/pattern_noise_jitter/002-006_18104.png
002-006_18104,002-006,0,color_shift_jitter,data/e05_synthetic/color_shift_jitter/002-006_18104.png
002-006_18653,002-006,3,clean,data/e05_synthetic/clean/002-006_18653.png
002-006_18653,002-006,3,pattern_noise,data/e05_synthetic/pattern_noise/002-006_18653.png
002-006_18653,002-006,3,color_shift,data/e05_synthetic/color_shift/002-006_18653.png
002-006_18653,002-006,3,pattern_noise_jitter,data/e05_synthetic/pattern_noise_jitter/002-006_18653.png
002-006_18653,002-006,3,color_shift_jitter,data/e05_synthetic/color_shift_jitter/002-006_18653.png
002-006_18839,002-006,1,clean,data/e05_synthetic/clean/002-006_18839.png
002-006_18839,002-006,1,pattern_noise,data/e05_synthetic/pattern_noise/002-006_18839.png
002-006_18839,002-006,1,color_shift,data/e05_synthetic/color_shift/002-006_18839.png
002-006_18839,002-006,1,pattern_noise_jitter,data/e05_synthetic/pattern_noise_jitter/002-006_18839.png
002-006_18839,002-006,1,color_shift_jitter,data/e05_synthetic/color_shift_jitter/002-006_18839.png
002-006_18899,002-006,1,clean,data/e05_synthetic/clean/002-006_18899.png
002-006_18899,002-006,1,pattern_noise,data/e05_synthetic/pattern_noise/002-006_18899.png
002-006_18899,002-006,1,color_shift,data/e05_synthetic/color_shift/002-006_18899.png
002-006_18899,002-006,1,pattern_noise_jitter,data/e05_synthetic/pattern_noise_jitter/002-006_18899.png
002-006_18899,002-006,1,color_shift_jitter,data/e05_synthetic/color_shift_jitter/002-006_18899.png
002-006_19613,002-006,2,clean,data/e05_synthetic/clean/002-006_19613.png
002-006_19613,002-006,2,pattern_noise,data/e05_synthetic/pattern_noise/002-006_19613.png
002-006_19613,002-006,2,color_shift,data/e05_synthetic/color_shift/002-006_19613.png
002-006_19613,002-006,2,pattern_noise_jitter,data/e05_synthetic/pattern_noise_jitter/002-006_19613.png
002-006_19613,002-006,2,color_shift_jitter,data/e05_synthetic/color_shift_jitter/002-006_19613.png
002-006_19636,002-006,2,clean,data/e05_synthetic/clean/002-006_19636.png
002-006_19636,002-006,2,pattern_noise,data/e05_synthetic/pattern_noise/002-006_19636.png
002-006_19636,002-006,2,color_shift,data/e05_synthetic/color_shift/002-006_19636.png
002-006_19636,002-006,2,pattern_noise_jitter,data/e05_synthetic/pattern_noise_jitter/002-006_19636.png
002-006_19636,002-006,2,color_shift_jitter,data/e05_synthetic/color_shift_jitter/002-006_19636.png
002-006_19836,002-006,1,clean,data/e05_synthetic/clean/002-006_19836.png
002-006_19836,002-006,1,pattern_noise,data/e05_synthetic/pattern_noise/002-006_19836.png
002-006_19836,002-006,1,color_shift,data/e05_synthetic/color_shift/002-006_19836.png
002-006_19836,002-006,1,pattern_noise_jitter,data/e05_synthetic/pattern_noise_jitter/002-006_19836.png
002-006_19836,002-006,1,color_shift_jitter,data/e05_synthetic/color_shift_jitter/002-006_19836.png
002-006_19989,002-006,0,clean,data/e05_synthetic/clean/002-006_19989.png
002-006_19989,002-006,0,pattern_noise,data/e05_synthetic/pattern_noise/002-006_19989.png
002-006_19989,002-006,0,color_shift,data/e05_synthetic/color_shift/002-006_19989.png
002-006_19989,002-006,0,pattern_noise_jitter,data/e05_synthetic/pattern_noise_jitter/002-006_19989.png
002-006_19989,002-006,0,color_shift_jitter,data/e05_synthetic/color_shift_jitter/002-006_19989.png
002-006_20202,002-006,0,clean,data/e05_synthetic/clean/002-006_20202.png
002-006_20202,002-006,0,pattern_noise,data/e05_synthetic/pattern_noise/002-006_20202.png
002-006_20202,002-006,0,color_shift,data/e05_synthetic/color_shift/002-006_20202.png
002-006_20202,002-006,0,pattern_noise_jitter,data/e05_synthetic/pattern_noise_jitter/002-006_20202.png
002-006_20202,002-006,0,color_shift_jitter,data/e05_synthetic/color_shift_jitter/002-006_20202.png
002-006_20209,002-006,2,clean,data/e05_synthetic/clean/002-006_20209.png
002-006_20209,002-006,2,pattern_noise,data/e05_synthetic/pattern_noise/002-006_20209.png
002-006_20209,002-006,2,color_shift,data/e05_synthetic/color_shift/002-006_20209.png
002-006_20209,002-006,2,pattern_noise_jitter,data/e05_synthetic/pattern_noise_jitter/002-006_20209.png
002-006_20209,002-006,2,color_shift_jitter,data/e05_synthetic/color_shift_jitter/002-006_20209.png
002-006_20272,002-006,3,clean,data/e05_synthetic/clean/002-006_20272.png
002-006_20272,002-006,3,pattern_noise,data/e05_synthetic/pattern_noise/002-006_20272.png
002-006_20272,002-006,3,color_shift,data/e05_synthetic/color_shift/002-006_20272.png
002-006_20272,002-006,3,pattern_noise_jitter,data/e05_synthetic/pattern_noise_jitter/002-006_20272.png
002-006_20272,002-006,3,color_shift_jitter,data/e05_synthetic/color_shift_jitter/002-006_20272.png
002-006_20516,002-006,0,clean,data/e05_synthetic/clean/002-006_20516.png
002-006_20516,002-006,0,pattern_noise,data/e05_synthetic/pattern_noise/002-006_20516.png
002-006_20516,002-006,0,color_shift,data/e05_synthetic/color_shift/002-006_20516.png
002-006_20516,002-006,0,pattern_noise_jitter,data/e05_synthetic/pattern_noise_jitter/002-006_20516.png
002-006_20516,002-006,0,color_shift_jitter,data/e05_synthetic/color_shift_jitter/002-006_20516.png
002-006_20561,002-006,3,clean,data/e05_synthetic/clean/002-006_20561.png
002-006_20561,002-006,3,pattern_noise,data/e05_synthetic/pattern_noise/002-006_20561.png
002-006_20561,002-006,3,color_shift,data/e05_synthetic/color_shift/002-006_20561.png
002-006_20561,002-006,3,pattern_noise_jitter,data/e05_synthetic/pattern_noise_jitter/002-006_20561.png
002-006_20561,002-006,3,color_shift_jitter,data/e05_synthetic/color_shift_jitter/002-006_20561.png
002-006_20575,002-006,0,clean,data/e05_synthetic/clean/002-006_20575.png
002-006_20575,002-006,0,pattern_noise,data/e05_synthetic/pattern_noise/002-006_20575.png
002-006_20575,002-006,0,color_shift,data/e05_synthetic/color_shift/002-006_20575.png
002-006_20575,002-006,0,pattern_noise_jitter,data/e05_synthetic/pattern_noise_jitter/002-006_20575.png
002-006_20575,002-006,0,color_shift_jitter,data/e05_synthetic/color_shift_jitter/002-006_20575.png
002-006_20629,002-006,2,clean,data/e05_synthetic/clean/002-006_20629.png
002-006_20629,002-006,2,pattern_noise,data/e05_synthetic/pattern_noise/002-006_20629.png
002-006_20629,002-006,2,color_shift,data/e05_synthetic/color_shift/002-006_20629.png
002-006_20629,002-006,2,pattern_noise_jitter,data/e05_synthetic/pattern_noise_jitter/002-006_20629.png
002-006_20629,002-006,2,color_shift_jitter,data/e05_synthetic/color_shift_jitter/002-006_20629.png
002-006_20680,002-006,3,clean,data/e05_synthetic/clean/002-006_20680.png
002-006_20680,002-006,3,pattern_noise,data/e05_synthetic/pattern_noise/002-006_20680.png
002-006_20680,002-006,3,color_shift,data/e05_synthetic/color_shift/002-006_20680.png
002-006_20680,002-006,3,pattern_noise_jitter,data/e05_synthetic/pattern_noise_jitter/002-006_20680.png
002-006_20680,002-006,3,color_shift_jitter,data/e05_synthetic/color_shift_jitter/002-006_20680.png
002-006_20809,002-006,0,clean,data/e05_synthetic/clean/002-006_20809.png
002-006_20809,002-006,0,pattern_noise,data/e05_synthetic/pattern_noise/002-006_20809.png
002-006_20809,002-006,0,color_shift,data/e05_synthetic/color_shift/002-006_20809.png
002-006_20809,002-006,0,pattern_noise_jitter,data/e05_synthetic/pattern_noise_jitter/002-006_20809.png
002-006_20809,002-006,0,color_shift_jitter,data/e05_synthetic/color_shift_jitter/002-006_20809.png
002-006_20872,002-006,2,clean,data/e05_synthetic/clean/002-006_20872.png
002-006_20872,002-006,2,pattern_noise,data/e05_synthetic/pattern_noise/002-006_20872.png
002-006_20872,002-006,2,color_shift,data/e05_synthetic/color_shift/002-006_20872.png
002-006_20872,002-006,2,pattern_noise_jitter,data/e05_synthetic/pattern_noise_jitter/002-006_20872.png
002-006_20872,002-006,2,color_shift_jitter,data/e05_synthetic/color_shift_jitter/002-006_20872.png
002-006_21146,002-006,2,clean,data/e05_synthetic/clean/002-006_21146.png
002-006_21146,002-006,2,pattern_noise,data/e05_synthetic/pattern_noise/002-006_21146.png
002-006_21146,002-006,2,color_shift,data/e05_synthetic/color_shift/002-006_21146.png
002-006_21146,002-006,2,pattern_noise_jitter,data/e05_synthetic/pattern_noise_jitter/002-006_21146.png
002-006_21146,002-006,2,color_shift_jitter,data/e05_synthetic/color_shift_jitter/002-006_21146.png
002-006_21352,002-006,0,clean,data/e05_synthetic/clean/002-006_21352.png
002-006_21352,002-006,0,pattern_noise,data/e05_synthetic/pattern_noise/002-006_21352.png
002-006_21352,002-006,0,color_shift,data/e05_synthetic/color_shift/002-006_21352.png
002-006_21352,002-006,0,pattern_noise_jitter,data/e05_synthetic/pattern_noise_jitter/002-006_21352.png
002-006_21352,002-006,0,color_shift_jitter,data/e05_synthetic/color_shift_jitter/002-006_21352.png
002-006_21411,002-006,1,clean,data/e05_synthetic/clean/002-006_21411.png
002-006_21411,002-006,1,pattern_noise,data/e05_synthetic/pattern_noise/002-006_21411.png
002-006_21411,002-006,1,color_shift,data/e05_synthetic/color_shift/002-006_21411.png
002-006_21411,002-006,1,pattern_noise_jitter,data/e05_synthetic/pattern_noise_jitter/002-006_21411.png
002-006_21411,002-006,1,color_shift_jitter,data/e05_synthetic/color_shift_jitter/002-006_21411.png
002-006_21662,002-006,2,clean,data/e05_synthetic/clean/002-006_21662.png
002-006_21662,002-006,2,pattern_noise,data/e05_synthetic/pattern_noise/002-006_21662.png
002-006_21662,002-006,2,color_shift,data/e05_synthetic/color_shift/002-006_21662.png
002-006_21662,002-006,2,pattern_noise_jitter,data/e05_synthetic/pattern_noise_jitter/002-006_21662.png
002-006_21662,002-006,2,color_shift_jitter,data/e05_synthetic/color_shift_jitter/002-006_21662.png
002-006_21840,002-006,2,clean,data/e05_synthetic/clean/002-006_21840.png
002-006_21840,002-006,2,pattern_noise,data/e05_synthetic/pattern_noise/002-006_21840.png
002-006_21840,002-006,2,color_shift,data/e05_synthetic/color_shift/002-006_21840.png
002-006_21840,002-006,2,pattern_noise_jitter,data/e05_synthetic/pattern_noise_jitter/002-006_21840.png
002-006_21840,002-006,2,color_shift_jitter,data/e05_synthetic/color_shift_jitter/002-006_21840.png
002-006_22136,002-006,1,clean,data/e05_synthetic/clean/002-006_22136.png
002-006_22136,002-006,1,pattern_noise,data/e05_synthetic/pattern_noise/002-006_22136.png
002-006_22136,002-006,1,color_shift,data/e05_synthetic/color_shift/002-006_22136.png
002-006_22136,002-006,1,pattern_noise_jitter,data/e05_synthetic/pattern_noise_jitter/002-006_22136.png
002-006_22136,002-006,1,color_shift_jitter,data/e05_synthetic/color_shift_jitter/002-006_22136.png
002-006_22152,002-006,3,clean,data/e05_synthetic/clean/002-006_22152.png
002-006_22152,002-006,3,pattern_noise,data/e05_synthetic/pattern_noise/002-006_22152.png
002-006_22152,002-006,3,color_shift,data/e05_synthetic/color_shift/002-006_22152.png
002-006_22152,002-006,3,pattern_noise_jitter,data/e05_synthetic/pattern_noise_jitter/002-006_22152.png
002-006_22152,002-006,3,color_shift_jitter,data/e05_synthetic/color_shift_jitter/002-006_22152.png
002-006_22242,002-006,3,clean,data/e05_synthetic/clean/002-006_22242.png
002-006_22242,002-006,3,pattern_noise,data/e05_synthetic/pattern_noise/002-006_22242.png
002-006_22242,002-006,3,color_shift,data/e05_synthetic/color_shift/002-006_22242.png
002-006_22242,002-006,3,pattern_noise_jitter,data/e05_synthetic/pattern_noise_jitter/002-006_22242.png
002-006_22242,002-006,3,color_shift_jitter,data/e05_synthetic/color_shift_jitter/002-006_22242.png
002-006_22388,002-006,1,clean,data/e05_synthetic/clean/002-006_22388.png
002-006_22388,002-006,1,pattern_noise,data/e05_synthetic/pattern_noise/002-006_22388.png
002-006_22388,002-006,1,color_shift,data/e05_synthetic/color_shift/002-006_22388.png
002-006_22388,002-006,1,pattern_noise_jitter,data/e05_synthetic/pattern_noise_jitter/002-006_22388.png
002-006_22388,002-006,1,color_shift_jitter,data/e05_synthetic/color_shift_jitter/002-006_22388.png
002-006_22473,002-006,0,clean,data/e05_synthetic/clean/002-006_22473.png
002-006_22473,002-006,0,pattern_noise,data/e05_synthetic/pattern_noise/002-006_22473.png
002-006_22473,002-006,0,color_shift,data/e05_synthetic/color_shift/002-006_22473.png
002-006_22473,002-006,0,pattern_noise_jitter,data/e05_synthetic/pattern_noise_jitter/002-006_22473.png
002-006_22473,002-006,0,color_shift_jitter,data/e05_synthetic/color_shift_jitter/002-006_22473.png
002-006_23598,002-006,1,clean,data/e05_synthetic/clean/002-006_23598.png
002-006_23598,002-006,1,pattern_noise,data/e05_synthetic/pattern_noise/002-006_23598.png
002-006_23598,002-006,1,color_shift,data/e05_synthetic/color_shift/002-006_23598.png
002-006_23598,002-006,1,pattern_noise_jitter,data/e05_synthetic/pattern_noise_jitter/002-006_23598.png
002-006_23598,002-006,1,color_shift_jitter,data/e05_synthetic/color_shift_jitter/002-006_23598.png
002-006_23691,002-006,3,clean,data/e05_synthetic/clean/002-006_23691.png
002-006_23691,002-006,3,pattern_noise,data/e05_synthetic/pattern_noise/002-006_23691.png
002-006_23691,002-006,3,color_shift,data/e05_synthetic/color_shift/002-006_23691.png
002-006_23691,002-006,3,pattern_noise_jitter,data/e05_synthetic/pattern_noise_jitter/002-006_23691.png
002-006_23691,002-006,3,color_shift_jitter,data/e05_synthetic/color_shift_jitter/002-006_23691.png
002-006_23778,002-006,3,clean,data/e05_synthetic/clean/002-006_23778.png
002-006_23778,002-006,3,pattern_noise,data/e05_synthetic/pattern_noise/002-006_23778.png
002-006_23778,002-006,3,color_shift,data/e05_synthetic/color_shift/002-006_23778.png
002-006_23778,002-006,3,pattern_noise_jitter,data/e05_synthetic/pattern_noise_jitter/002-006_23778.png
002-006_23778,002-006,3,color_shift_jitter,data/e05_synthetic/color_shift_jitter/002-006_23778.png
002-006_23811,002-006,3,clean,data/e05_synthetic/clean/002-006_23811.png
002-006_23811,002-006,3,pattern_noise,data/e05_synthetic/pattern_noise/002-006_23811.png
002-006_23811,002-006,3,color_shift,data/e05_synthetic/color_shift/002-006_23811.png
002-006_23811,002-006,3,pattern_noise_jitter,data/e05_synthetic/pattern_noise_jitter/002-006_23811.png
002-006_23811,002-006,3,color_shift_jitter,data/e05_synthetic/color_shift_jitter/002-006_23811.png
002-006_23833,002-006,1,clean,data/e05_synthetic/clean/002-006_23833.png
002-006_23833,002-006,1,pattern_noise,data/e05_synthetic/pattern_noise/002-006_23833.png
002-006_23833,002-006,1,color_shift,data/e05_synthetic/color_shift/002-006_23833.png
002-006_23833,002-006,1,pattern_noise_jitter,data/e05_synthetic/pattern_noise_jitter/002-006_23833.png
002-006_23833,002-006,1,color_shift_jitter,data/e05_synthetic/color_shift_jitter/002-006_23833.png
002-006_24231,002-006,1,clean,data/e05_synthetic/clean/002-006_24231.png
002-006_24231,002-006,1,pattern_noise,data/e05_synthetic/pattern_noise/002-006_24231.png
002-006_24231,002-006,1,color_shift,data/e05_synthetic/color_shift/002-006_24231.png
002-006_24231,002-006,1,pattern_noise_jitter,data/e05_synthetic/pattern_noise_jitter/002-006_24231.png
002-006_24231,002-006,1,color_shift_jitter,data/e05_synthetic/color_shift_jitter/002-006_24231.png
002-006_24273,002-006,3,clean,data/e05_synthetic/clean/002-006_24273.png
002-006_24273,002-006,3,pattern_noise,data/e05_synthetic/pattern_noise/002-006_24273.png
002-006_24273,002-006,3,color_shift,data/e05_synthetic/color_shift/002-006_24273.png
002-006_24273,002-006,3,pattern_noise_jitter,data/e05_synthetic/pattern_noise_jitter/002-006_24273.png
002-006_24273,002-006,3,color_shift_jitter,data/e05_synthetic/color_shift_jitter/002-006_24273.png
002-006_24624,002-006,2,clean,data/e05_synthetic/clean/002-006_24624.png
002-006_24624,002-006,2,pattern_noise,data/e05_synthetic/pattern_noise/002-006_24624.png
002-006_24624,002-006,2,color_shift,data/e05_synthetic/color_shift/002-006_24624.png
002-006_24624,002-006,2,pattern_noise_jitter,data/e05_synthetic/pattern_noise_jitter/002-006_24624.png
002-006_24624,002-006,2,color_shift_jitter,data/e05_synthetic/color_shift_jitter/002-006_24624.png
002-006_24730,002-006,3,clean,data/e05_synthetic/clean/002-006_24730.png
002-006_24730,002-006,3,pattern_noise,data/e05_synthetic/pattern_noise/002-006_24730.png
002-006_24730,002-006,3,color_shift,data/e05_synthetic/color_shift/002-006_24730.png
002-006_24730,002-006,3,pattern_noise_jitter,data/e05_synthetic/pattern_noise_jitter/002-006_24730.png
002-006_24730,002-006,3,color_shift_jitter,data/e05_synthetic/color_shift_jitter/002-006_24730.png
002-006_24797,002-006,1,clean,data/e05_synthetic/clean/002-006_24797.png
002-006_24797,002-006,1,pattern_noise,data/e05_synthetic/pattern_noise/002-006_24797.png
002-006_24797,002-006,1,color_shift,data/e05_synthetic/color_shift/002-006_24797.png
002-006_24797,002-006,1,pattern_noise_jitter,data/e05_synthetic/pattern_noise_jitter/002-006_24797.png
002-006_24797,002-006,1,color_shift_jitter,data/e05_synthetic/color_shift_jitter/002-006_24797.png
002-006_24837,002-006,0,clean,data/e05_synthetic/clean/002-006_24837.png
002-006_24837,002-006,0,pattern_noise,data/e05_synthetic/pattern_noise/002-006_24837.png
002-006_24837,002-006,0,color_shift,data/e05_synthetic/color_shift/002-006_24837.png
002-006_24837,002-006,0,pattern_noise_jitter,data/e05_synthetic/pattern_noise_jitter/002-006_24837.png
002-006_24837,002-006,0,color_shift_jitter,data/e05_synthetic/color_shift_jitter/002-006_24837.png
002-006_25289,002-006,3,clean,data/e05_synthetic/clean/002-006_25289.png
002-006_25289,002-006,3,pattern_noise,data/e05_synthetic/pattern_noise/002-006_25289.png
002-006_25289,002-006,3,color_shift,data/e05_synthetic/color_shift/002-006_25289.png
002-006_25289,002-006,3,pattern_noise_jitter,data/e05_synthetic/pattern_noise_jitter/002-006_25289.png
002-006_25289,002-006,3,color_shift_jitter,data/e05_synthetic/color_shift_jitter/002-006_25289.png
002-006_25391,002-006,0,clean,data/e05_synthetic/clean/002-006_25391.png
002-006_25391,002-006,0,pattern_noise,data/e05_synthetic/pattern_noise/002-006_25391.png
002-006_25391,002-006,0,color_shift,data/e05_synthetic/color_shift/002-006_25391.png
002-006_25391,002-006,0,pattern_noise_jitter,data/e05_synthetic/pattern_noise_jitter/002-006_25391.png
002-006_25391,002-006,0,color_shift_jitter,data/e05_synthetic/color_shift_jitter/002-006_25391.png
002-006_25506,002-006,0,clean,data/e05_synthetic/clean/002-006_25506.png
002-006_25506,002-006,0,pattern_noise,data/e05_synthetic/pattern_noise/002-006_25506.png
002-006_25506,002-006,0,color_shift,data/e05_synthetic/color_shift/002-006_25506.png
002-006_25506,002-006,0,pattern_noise_jitter,data/e05_synthetic/pattern_noise_jitter/002-006_25506.png
002-006_25506,002-006,0,color_shift_jitter,data/e05_synthetic/color_shift_jitter/002-006_25506.png
002-006_25536,002-006,1,clean,data/e05_synthetic/clean/002-006_25536.png
002-006_25536,002-006,1,pattern_noise,data/e05_synthetic/pattern_noise/002-006_25536.png
002-006_25536,002-006,1,color_shift,data/e05_synthetic/color_shift/002-006_25536.png
002-006_25536,002-006,1,pattern_noise_jitter,data/e05_synthetic/pattern_noise_jitter/002-006_25536.png
002-006_25536,002-006,1,color_shift_jitter,data/e05_synthetic/color_shift_jitter/002-006_25536.png
002-006_25565,002-006,3,clean,data/e05_synthetic/clean/002-006_25565.png
002-006_25565,002-006,3,pattern_noise,data/e05_synthetic/pattern_noise/002-006_25565.png
002-006_25565,002-006,3,color_shift,data/e05_synthetic/color_shift/002-006_25565.png
002-006_25565,002-006,3,pattern_noise_jitter,data/e05_synthetic/pattern_noise_jitter/002-006_25565.png
002-006_25565,002-006,3,color_shift_jitter,data/e05_synthetic/color_shift_jitter/002-006_25565.png
002-006_25781,002-006,3,clean,data/e05_synthetic/clean/002-006_25781.png
002-006_25781,002-006,3,pattern_noise,data/e05_synthetic/pattern_noise/002-006_25781.png
002-006_25781,002-006,3,color_shift,data/e05_synthetic/color_shift/002-006_25781.png
002-006_25781,002-006,3,pattern_noise_jitter,data/e05_synthetic/pattern_noise_jitter/002-006_25781.png
002-006_25781,002-006,3,color_shift_jitter,data/e05_synthetic/color_shift_jitter/002-006_25781.png
002-006_26057,002-006,2,clean,data/e05_synthetic/clean/002-006_26057.png
002-006_26057,002-006,2,pattern_noise,data/e05_synthetic/pattern_noise/002-006_26057.png
002-006_26057,002-006,2,color_shift,data/e05_synthetic/color_shift/002-006_26057.png
002-006_26057,002-006,2,pattern_noise_jitter,data/e05_synthetic/pattern_noise_jitter/002-006_26057.png
002-006_26057,002-006,2,color_shift_jitter,data/e05_synthetic/color_shift_jitter/002-006_26057.png
002-006_26094,002-006,0,clean,data/e05_synthetic/clean/002-006_26094.png
002-006_26094,002-006,0,pattern_noise,data/e05_synthetic/pattern_noise/002-006_26094.png
002-006_26094,002-006,0,color_shift,data/e05_synthetic/color_shift/002-006_26094.png
002-006_26094,002-006,0,pattern_noise_jitter,data/e05_synthetic/pattern_noise_jitter/002-006_26094.png
002-006_26094,002-006,0,color_shift_jitter,data/e05_synthetic/color_shift_jitter/002-006_26094.png
002-006_26108,002-006,0,clean,data/e05_synthetic/clean/002-006_26108.png
002-006_26108,002-006,0,pattern_noise,data/e05_synthetic/pattern_noise/002-006_26108.png
002-006_26108,002-006,0,color_shift,data/e05_synthetic/color_shift/002-006_26108.png
002-006_26108,002-006,0,pattern_noise_jitter,data/e05_synthetic/pattern_noise_jitter/002-006_26108.png
002-006_26108,002-006,0,color_shift_jitter,data/e05_synthetic/color_shift_jitter/002-006_26108.png
002-006_26454,002-006,2,clean,data/e05_synthetic/clean/002-006_26454.png
002-006_26454,002-006,2,pattern_noise,data/e05_synthetic/pattern_noise/002-006_26454.png
002-006_26454,002-006,2,color_shift,data/e05_synthetic/color_shift/002-006_26454.png
002-006_26454,002-006,2,pattern_noise_jitter,data/e05_synthetic/pattern_noise_jitter/002-006_26454.png
002-006_26454,002-006,2,color_shift_jitter,data/e05_synthetic/color_shift_jitter/002-006_26454.png
002-006_26591,002-006,0,clean,data/e05_synthetic/clean/002-006_26591.png
002-006_26591,002-006,0,pattern_noise,data/e05_synthetic/pattern_noise/002-006_26591.png
002-006_26591,002-006,0,color_shift,data/e05_synthetic/color_shift/002-006_26591.png
002-006_26591,002-006,0,pattern_noise_jitter,data/e05_synthetic/pattern_noise_jitter/002-006_26591.png
002-006_26591,002-006,0,color_shift_jitter,data/e05_synthetic/color_shift_jitter/002-006_26591.png
002-006_26604,002-006,0,clean,data/e05_synthetic/clean/002-006_26604.png
002-006_26604,002-006,0,pattern_noise,data/e05_synthetic/pattern_noise/002-006_26604.png
002-006_26604,002-006,0,color_shift,data/e05_synthetic/color_shift/002-006_26604.png
002-006_26604,002-006,0,pattern_noise_jitter,data/e05_synthetic/pattern_noise_jitter/002-006_26604.png
002-006_26604,002-006,0,color_shift_jitter,data/e05_synthetic/color_shift_jitter/002-006_26604.png
002-006_26808,002-006,1,clean,data/e05_synthetic/clean/002-006_26808.png
002-006_26808,002-006,1,pattern_noise,data/e05_synthetic/pattern_noise/002-006_26808.png
002-006_26808,002-006,1,color_shift,data/e05_synthetic/color_shift/002-006_26808.png
002-006_26808,002-006,1,pattern_noise_jitter,data/e05_synthetic/pattern_noise_jitter/002-006_26808.png
002-006_26808,002-006,1,color_shift_jitter,data/e05_synthetic/color_shift_jitter/002-006_26808.png
002-006_26998,002-006,3,clean,data/e05_synthetic/clean/002-006_26998.png
002-006_26998,002-006,3,pattern_noise,data/e05_synthetic/pattern_noise/002-006_26998.png
002-006_26998,002-006,3,color_shift,data/e05_synthetic/color_shift/002-006_26998.png
002-006_26998,002-006,3,pattern_noise_jitter,data/e05_synthetic/pattern_noise_jitter/002-006_26998.png
002-006_26998,002-006,3,color_shift_jitter,data/e05_synthetic/color_shift_jitter/002-006_26998.png
002-006_27086,002-006,3,clean,data/e05_synthetic/clean/002-006_27086.png
002-006_27086,002-006,3,pattern_noise,data/e05_synthetic/pattern_noise/002-006_27086.png
002-006_27086,002-006,3,color_shift,data/e05_synthetic/color_shift/002-006_27086.png
002-006_27086,002-006,3,pattern_noise_jitter,data/e05_synthetic/pattern_noise_jitter/002-006_27086.png
002-006_27086,002-006,3,color_shift_jitter,data/e05_synthetic/color_shift_jitter/002-006_27086.png
002-006_27111,002-006,2,clean,data/e05_synthetic/clean/002-006_27111.png
002-006_27111,002-006,2,pattern_noise,data/e05_synthetic/pattern_noise/002-006_27111.png
002-006_27111,002-006,2,color_shift,data/e05_synthetic/color_shift/002-006_27111.png
002-006_27111,002-006,2,pattern_noise_jitter,data/e05_synthetic/pattern_noise_jitter/002-006_27111.png
002-006_27111,002-006,2,color_shift_jitter,data/e05_synthetic/color_shift_jitter/002-006_27111.png
002-006_27450,002-006,0,clean,data/e05_synthetic/clean/002-006_27450.png
002-006_27450,002-006,0,pattern_noise,data/e05_synthetic/pattern_noise/002-006_27450.png
002-006_27450,002-006,0,color_shift,data/e05_synthetic/color_shift/002-006_27450.png
002-006_27450,002-006,0,pattern_noise_jitter,data/e05_synthetic/pattern_noise_jitter/002-006_27450.png
002-006_27450,002-006,0,color_shift_jitter,data/e05_synthetic/color_shift_jitter/002-006_27450.png
002-006_27511,002-006,2,clean,data/e05_synthetic/clean/002-006_27511.png
002-006_27511,002-006,2,pattern_noise,data/e05_synthetic/pattern_noise/002-006_27511.png
002-006_27511,002-006,2,color_shift,data/e05_synthetic/color_shift/002-006_27511.png
002-006_27511,002-006,2,pattern_noise_jitter,data/e05_synthetic/pattern_noise_jitter/002-006_27511.png
002-006_27511,002-006,2,color_shift_jitter,data/e05_synthetic/color_shift_jitter/002-006_27511.png
002-006_27735,002-006,1,clean,data/e05_synthetic/clean/002-006_27735.png
002-006_27735,002-006,1,pattern_noise,data/e05_synthetic/pattern_noise/002-006_27735.png
002-006_27735,002-006,1,color_shift,data/e05_synthetic/color_shift/002-006_27735.png
002-006_27735,002-006,1,pattern_noise_jitter,data/e05_synthetic/pattern_noise_jitter/002-006_27735.png
002-006_27735,002-006,1,color_shift_jitter,data/e05_synthetic/color_shift_jitter/002-006_27735.png
002-006_27934,002-006,0,clean,data/e05_synthetic/clean/002-006_27934.png
002-006_27934,002-006,0,pattern_noise,data/e05_synthetic/pattern_noise/002-006_27934.png
002-006_27934,002-006,0,color_shift,data/e05_synthetic/color_shift/002-006_27934.png
002-006_27934,002-006,0,pattern_noise_jitter,data/e05_synthetic/pattern_noise_jitter/002-006_27934.png
002-006_27934,002-006,0,color_shift_jitter,data/e05_synthetic/color_shift_jitter/002-006_27934.png
002-006_27961,002-006,3,clean,data/e05_synthetic/clean/002-006_27961.png
002-006_27961,002-006,3,pattern_noise,data/e05_synthetic/pattern_noise/002-006_27961.png
002-006_27961,002-006,3,color_shift,data/e05_synthetic/color_shift/002-006_27961.png
002-006_27961,002-006,3,pattern_noise_jitter,data/e05_synthetic/pattern_noise_jitter/002-006_27961.png
002-006_27961,002-006,3,color_shift_jitter,data/e05_synthetic/color_shift_jitter/002-006_27961.png
002-006_28060,002-006,0,clean,data/e05_synthetic/clean/002-006_28060.png
002-006_28060,002-006,0,pattern_noise,data/e05_synthetic/pattern_noise/002-006_28060.png
002-006_28060,002-006,0,color_shift,data/e05_synthetic/color_shift/002-006_28060.png
002-006_28060,002-006,0,pattern_noise_jitter,data/e05_synthetic/pattern_noise_jitter/002-006_28060.png
002-006_28060,002-006,0,color_shift_jitter,data/e05_synthetic/color_shift_jitter/002-006_28060.png
002-006_28200,002-006,1,clean,data/e05_synthetic/clean/002-006_28200.png
002-006_28200,002-006,1,pattern_noise,data/e05_synthetic/pattern_noise/002-006_28200.png
002-006_28200,002-006,1,color_shift,data/e05_synthetic/color_shift/002-006_28200.png
002-006_28200,002-006,1,pattern_noise_jitter,data/e05_synthetic/pattern_noise_jitter/002-006_28200.png
002-006_28200,002-006,1,color_shift_jitter,data/e05_synthetic/color_shift_jitter/002-006_28200.png
002-006_28229,002-006,3,clean,data/e05_synthetic/clean/002-006_28229.png
002-006_28229,002-006,3,pattern_noise,data/e05_synthetic/pattern_noise/002-006_28229.png
002-006_28229,002-006,3,color_shift,data/e05_synthetic/color_shift/002-006_28229.png
002-006_28229,002-006,3,pattern_noise_jitter,data/e05_synthetic/pattern_noise_jitter/002-006_28229.png
002-006_28229,002-006,3,color_shift_jitter,data/e05_synthetic/color_shift_jitter/002-006_28229.png
002-006_28392,002-006,0,clean,data/e05_synthetic/clean/002-006_28392.png
002-006_28392,002-006,0,pattern_noise,data/e05_synthetic/pattern_noise/002-006_28392.png
002-006_28392,002-006,0,color_shift,data/e05_synthetic/color_shift/002-006_28392.png
002-006_28392,002-006,0,pattern_noise_jitter,data/e05_synthetic/pattern_noise_jitter/002-006_28392.png
002-006_28392,002-006,0,color_shift_jitter,data/e05_synthetic/color_shift_jitter/002-006_28392.png
002-006_28476,002-006,2,clean,data/e05_synthetic/clean/002-006_28476.png
002-006_28476,002-006,2,pattern_noise,data/e05_synthetic/pattern_noise/002-006_28476.png
002-006_28476,002-006,2,color_shift,data/e05_synthetic/color_shift/002-006_28476.png
002-006_28476,002-006,2,pattern_noise_jitter,data/e05_synthetic/pattern_noise_jitter/002-006_28476.png
002-006_28476,002-006,2,color_shift_jitter,data/e05_synthetic/color_shift_jitter/002-006_28476.png
002-006_28489,002-006,1,clean,data/e05_synthetic/clean/002-006_28489.png
002-006_28489,002-006,1,pattern_noise,data/e05_synthetic/pattern_noise/002-006_28489.png
002-006_28489,002-006,1,color_shift,data/e05_synthetic/color_shift/002-006_28489.png
002-006_28489,002-006,1,pattern_noise_jitter,data/e05_synthetic/pattern_noise_jitter/002-006_28489.png
002-006_28489,002-006,1,color_shift_jitter,data/e05_synthetic/color_shift_jitter/002-006_28489.png
002-006_28559,002-006,2,clean,data/e05_synthetic/clean/002-006_28559.png
002-006_28559,002-006,2,pattern_noise,data/e05_synthetic/pattern_noise/002-006_28559.png
002-006_28559,002-006,2,color_shift,data/e05_synthetic/color_shift/002-006_28559.png
002-006_28559,002-006,2,pattern_noise_jitter,data/e05_synthetic/pattern_noise_jitter/002-006_28559.png
002-006_28559,002-006,2,color_shift_jitter,data/e05_synthetic/color_shift_jitter/002-006_28559.png
002-006_29166,002-006,2,clean,data/e05_synthetic/clean/002-006_29166.png
002-006_29166,002-006,2,pattern_noise,data/e05_synthetic/pattern_noise/002-006_29166.png
002-006_29166,002-006,2,color_shift,data/e05_synthetic/color_shift/002-006_29166.png
002-006_29166,002-006,2,pattern_noise_jitter,data/e05_synthetic/pattern_noise_jitter/002-006_29166.png
002-006_29166,002-006,2,color_shift_jitter,data/e05_synthetic/color_shift_jitter/002-006_29166.png
002-006_29283,002-006,3,clean,data/e05_synthetic/clean/002-006_29283.png
002-006_29283,002-006,3,pattern_noise,data/e05_synthetic/pattern_noise/002-006_29283.png
002-006_29283,002-006,3,color_shift,data/e05_synthetic/color_shift/002-006_29283.png
002-006_29283,002-006,3,pattern_noise_jitter,data/e05_synthetic/pattern_noise_jitter/002-006_29283.png
002-006_29283,002-006,3,color_shift_jitter,data/e05_synthetic/color_shift_jitter/002-006_29283.png
002-006_29305,002-006,3,clean,data/e05_synthetic/clean/002-006_29305.png
002-006_29305,002-006,3,pattern_noise,data/e05_synthetic/pattern_noise/002-006_29305.png
002-006_29305,002-006,3,color_shift,data/e05_synthetic/color_shift/002-006_29305.png
002-006_29305,002-006,3,pattern_noise_jitter,data/e05_synthetic/pattern_noise_jitter/002-006_29305.png
002-006_29305,002-006,3,color_shift_jitter,data/e05_synthetic/color_shift_jitter/002-006_29305.png
002-006_30185,002-006,0,clean,data/e05_synthetic/clean/002-006_30185.png
002-006_30185,002-006,0,pattern_noise,data/e05_synthetic/pattern_noise/002-006_30185.png
002-006_30185,002-006,0,color_shift,data/e05_synthetic/color_shift/002-006_30185.png
002-006_30185,002-006,0,pattern_noise_jitter,data/e05_synthetic/pattern_noise_jitter/002-006_30185.png
002-006_30185,002-006,0,color_shift_jitter,data/e05_synthetic/color_shift_jitter/002-006_30185.png
002-006_30196,002-006,1,clean,data/e05_synthetic/clean/002-006_30196.png
002-006_30196,002-006,1,pattern_noise,data/e05_synthetic/pattern_noise/002-006_30196.png
002-006_30196,002-006,1,color_shift,data/e05_synthetic/color_shift/002-006_30196.png
002-006_30196,002-006,1,pattern_noise_jitter,data/e05_synthetic/pattern_noise_jitter/002-006_30196.png
002-006_30196,002-006,1,color_shift_jitter,data/e05_synthetic/color_shift_jitter/002-006_30196.png
002-006_30394,002-006,3,clean,data/e05_synthetic/clean/002-006_30394.png
002-006_30394,002-006,3,pattern_noise,data/e05_synthetic/pattern_noise/002-006_30394.png
002-006_30394,002-006,3,color_shift,data/e05_synthetic/color_shift/002-006_30394.png
002-006_30394,002-006,3,pattern_noise_jitter,data/e05_synthetic/pattern_noise_jitter/002-006_30394.png
002-006_30394,002-006,3,color_shift_jitter,data/e05_synthetic/color_shift_jitter/002-006_30394.png
002-006_30641,002-006,0,clean,data/e05_synthetic/clean/002-006_30641.png
002-006_30641,002-006,0,pattern_noise,data/e05_synthetic/pattern_noise/002-006_30641.png
002-006_30641,002-006,0,color_shift,data/e05_synthetic/color_shift/002-006_30641.png
002-006_30641,002-006,0,pattern_noise_jitter,data/e05_synthetic/pattern_noise_jitter/002-006_30641.png
002-006_30641,002-006,0,color_shift_jitter,data/e05_synthetic/color_shift_jitter/002-006_30641.png
002-006_30841,002-006,2,clean,data/e05_synthetic/clean/002-006_30841.png
002-006_30841,002-006,2,pattern_noise,data/e05_synthetic/pattern_noise/002-006_30841.png
002-006_30841,002-006,2,color_shift,data/e05_synthetic/color_shift/002-006_30841.png
002-006_30841,002-006,2,pattern_noise_jitter,data/e05_synthetic/pattern_noise_jitter/002-006_30841.png
002-006_30841,002-006,2,color_shift_jitter,data/e05_synthetic/color_shift_jitter/002-006_30841.png
002-006_31316,002-006,1,clean,data/e05_synthetic/clean/002-006_31316.png
002-006_31316,002-006,1,pattern_noise,data/e05_synthetic/pattern_noise/002-006_31316.png
002-006_31316,002-006,1,color_shift,data/e05_synthetic/color_shift/002-006_31316.png
002-006_31316,002-006,1,pattern_noise_jitter,data/e05_synthetic/pattern_noise_jitter/002-006_31316.png
002-006_31316,002-006,1,color_shift_jitter,data/e05_synthetic/color_shift_jitter/002-006_31316.png
002-006_31354,002-006,2,clean,data/e05_synthetic/clean/002-006_31354.png
002-006_31354,002-006,2,pattern_noise,data/e05_synthetic/pattern_noise/002-006_31354.png
002-006_31354,002-006,2,color_shift,data/e05_synthetic/color_shift/002-006_31354.png
002-006_31354,002-006,2,pattern_noise_jitter,data/e05_synthetic/pattern_noise_jitter/002-006_31354.png
002-006_31354,002-006,2,color_shift_jitter,data/e05_synthetic/color_shift_jitter/002-006_31354.png
002-006_31799,002-006,0,clean,data/e05_synthetic/clean/002-006_31799.png
002-006_31799,002-006,0,pattern_noise,data/e05_synthetic/pattern_noise/002-006_31799.png
002-006_31799,002-006,0,color_shift,data/e05_synthetic/color_shift/002-006_31799.png
002-006_31799,002-006,0,pattern_noise_jitter,data/e05_synthetic/pattern_noise_jitter/002-006_31799.png
002-006_31799,002-006,0,color_shift_jitter,data/e05_synthetic/color_shift_jitter/002-006_31799.png
002-006_32079,002-006,2,clean,data/e05_synthetic/clean/002-006_32079.png
002-006_32079,002-006,2,pattern_noise,data/e05_synthetic/pattern_noise/002-006_32079.png
002-006_32079,002-006,2,color_shift,data/e05_synthetic/color_shift/002-006_32079.png
002-006_32079,002-006,2,pattern_noise_jitter,data/e05_synthetic/pattern_noise_jitter/002-006_32079.png
002-006_32079,002-006,2,color_shift_jitter,data/e05_synthetic/color_shift_jitter/002-006_32079.png
002-006_32154,002-006,2,clean,data/e05_synthetic/clean/002-006_32154.png
002-006_32154,002-006,2,pattern_noise,data/e05_synthetic/pattern_noise/002-006_32154.png
002-006_32154,002-006,2,color_shift,data/e05_synthetic/color_shift/002-006_32154.png
002-006_32154,002-006,2,pattern_noise_jitter,data/e05_synthetic/pattern_noise_jitter/002-006_32154.png
002-006_32154,002-006,2,color_shift_jitter,data/e05_synthetic/color_shift_jitter/002-006_32154.png
002-006_32252,002-006,0,clean,data/e05_synthetic/clean/002-006_32252.png
002-006_32252,002-006,0,pattern_noise,data/e05_synthetic/pattern_noise/002-006_32252.png
002-006_32252,002-006,0,color_shift,data/e05_synthetic/color_shift/002-006_32252.png
002-006_32252,002-006,0,pattern_noise_jitter,data/e05_synthetic/pattern_noise_jitter/002-006_32252.png
002-006_32252,002-006,0,color_shift_jitter,data/e05_synthetic/color_shift_jitter/002-006_32252.png
002-006_32337,002-006,3,clean,data/e05_synthetic/clean/002-006_32337.png
002-006_32337,002-006,3,pattern_noise,data/e05_synthetic/pattern_noise/002-006_32337.png
002-006_32337,002-006,3,color_shift,data/e05_synthetic/color_shift/002-006_32337.png
002-006_32337,002-006,3,pattern_noise_jitter,data/e05_synthetic/pattern_noise_jitter/002-006_32337.png
002-006_32337,002-006,3,color_shift_jitter,data/e05_synthetic/color_shift_jitter/002-006_32337.png
002-006_33044,002-006,1,clean,data/e05_synthetic/clean/002-006_33044.png
002-006_33044,002-006,1,pattern_noise,data/e05_synthetic/pattern_noise/002-006_33044.png
002-006_33044,002-006,1,color_shift,data/e05_synthetic/color_shift/002-006_33044.png
002-006_33044,002-006,1,pattern_noise_jitter,data/e05_synthetic/pattern_noise_jitter/002-006_33044.png
002-006_33044,002-006,1,color_shift_jitter,data/e05_synthetic/color_shift_jitter/002-006_33044.png
002-006_33187,002-006,1,clean,data/e05_synthetic/clean/002-006_33187.png
002-006_33187,002-006,1,pattern_noise,data/e05_synthetic/pattern_noise/002-006_33187.png
002-006_33187,002-006,1,color_shift,data/e05_synthetic/color_shift/002-006_33187.png
002-006_33187,002-006,1,pattern_noise_jitter,data/e05_synthetic/pattern_noise_jitter/002-006_33187.png
002-006_33187,002-006,1,color_shift_jitter,data/e05_synthetic/color_shift_jitter/002-006_33187.png
002-006_33190,002-006,0,clean,data/e05_synthetic/clean/002-006_33190.png
002-006_33190,002-006,0,pattern_noise,data/e05_synthetic/pattern_noise/002-006_33190.png
002-006_33190,002-006,0,color_shift,data/e05_synthetic/color_shift/002-006_33190.png
002-006_33190,002-006,0,pattern_noise_jitter,data/e05_synthetic/pattern_noise_jitter/002-006_33190.png
002-006_33190,002-006,0,color_shift_jitter,data/e05_synthetic/color_shift_jitter/002-006_33190.png
002-006_33203,002-006,1,clean,data/e05_synthetic/clean/002-006_33203.png
002-006_33203,002-006,1,pattern_noise,data/e05_synthetic/pattern_noise/002-006_33203.png
002-006_33203,002-006,1,color_shift,data/e05_synthetic/color_shift/002-006_33203.png
002-006_33203,002-006,1,pattern_noise_jitter,data/e05_synthetic/pattern_noise_jitter/002-006_33203.png
002-006_33203,002-006,1,color_shift_jitter,data/e05_synthetic/color_shift_jitter/002-006_33203.png
002-006_33495,002-006,3,clean,data/e05_synthetic/clean/002-006_33495.png
002-006_33495,002-006,3,pattern_noise,data/e05_synthetic/pattern_noise/002-006_33495.png
002-006_33495,002-006,3,color_shift,data/e05_synthetic/color_shift/002-006_33495.png
002-006_33495,002-006,3,pattern_noise_jitter,data/e05_synthetic/pattern_noise_jitter/002-006_33495.png
002-006_33495,002-006,3,color_shift_jitter,data/e05_synthetic/color_shift_jitter/002-006_33495.png
002-006_33512,002-006,1,clean,data/e05_synthetic/clean/002-006_33512.png
002-006_33512,002-006,1,pattern_noise,data/e05_synthetic/pattern_noise/002-006_33512.png
002-006_33512,002-006,1,color_shift,data/e05_synthetic/color_shift/002-006_33512.png
002-006_33512,002-006,1,pattern_noise_jitter,data/e05_synthetic/pattern_noise_jitter/002-006_33512.png
002-006_33512,002-006,1,color_shift_jitter,data/e05_synthetic/color_shift_jitter/002-006_33512.png
002-006_33605,002-006,1,clean,data/e05_synthetic/clean/002-006_33605.png
002-006_33605,002-006,1,pattern_noise,data/e05_synthetic/pattern_noise/002-006_33605.png
002-006_33605,002-006,1,color_shift,data/e05_synthetic/color_shift/002-006_33605.png
002-006_33605,002-006,1,pattern_noise_jitter,data/e05_synthetic/pattern_noise_jitter/002-006_33605.png
002-006_33605,002-006,1,color_shift_jitter,data/e05_synthetic/color_shift_jitter/002-006_33605.png
002-006_33716,002-006,2,clean,data/e05_synthetic/clean/002-006_33716.png
002-006_33716,002-006,2,pattern_noise,data/e05_synthetic/pattern_noise/002-006_33716.png
002-006_33716,002-006,2,color_shift,data/e05_synthetic/color_shift/002-006_33716.png
002-006_33716,002-006,2,pattern_noise_jitter,data/e05_synthetic/pattern_noise_jitter/002-006_33716.png
002-006_33716,002-006,2,color_shift_jitter,data/e05_synthetic/color_shift_jitter/002-006_33716.png
002-006_33746,002-006,1,clean,data/e05_synthetic/clean/002-006_33746.png
002-006_33746,002-006,1,pattern_noise,data/e05_synthetic/pattern_noise/002-006_33746.png
002-006_33746,002-006,1,color_shift,data/e05_synthetic/color_shift/002-006_33746.png
002-006_33746,002-006,1,pattern_noise_jitter,data/e05_synthetic/pattern_noise_jitter/002-006_33746.png
002-006_33746,002-006,1,color_shift_jitter,data/e05_synthetic/color_shift_jitter/002-006_33746.png
002-006_34110,002-006,2,clean,data/e05_synthetic/clean/002-006_34110.png
002-006_34110,002-006,2,pattern_noise,data/e05_synthetic/pattern_noise/002-006_34110.png
002-006_34110,002-006,2,color_shift,data/e05_synthetic/color_shift/002-006_34110.png
002-006_34110,002-006,2,pattern_noise_jitter,data/e05_synthetic/pattern_noise_jitter/002-006_34110.png
002-006_34110,002-006,2,color_shift_jitter,data/e05_synthetic/color_shift_jitter/002-006_34110.png
002-006_34217,002-006,2,clean,data/e05_synthetic/clean/002-006_34217.png
002-006_34217,002-006,2,pattern_noise,data/e05_synthetic/pattern_noise/002-006_34217.png
002-006_34217,002-006,2,color_shift,data/e05_synthetic/color_shift/002-006_34217.png
002-006_34217,002-006,2,pattern_noise_jitter,data/e05_synthetic/pattern_noise_jitter/002-006_34217.png
002-006_34217,002-006,2,color_shift_jitter,data/e05_synthetic/color_shift_jitter/002-006_34217.png
002-006_34326,002-006,1,clean,data/e05_synthetic/clean/002-006_34326.png
002-006_34326,002-006,1,pattern_noise,data/e05_synthetic/pattern_noise/002-006_34326.png
002-006_34326,002-006,1,color_shift,data/e05_synthetic/color_shift/002-006_34326.png
002-006_34326,002-006,1,pattern_noise_jitter,data/e05_synthetic/pattern_noise_jitter/002-006_34326.png
002-006_34326,002-006,1,color_shift_jitter,data/e05_synthetic/color_shift_jitter/002-006_34326.png
002-006_34656,002-006,1,clean,data/e05_synthetic/clean/002-006_34656.png
002-006_34656,002-006,1,pattern_noise,data/e05_synthetic/pattern_noise/002-006_34656.png
002-006_34656,002-006,1,color_shift,data/e05_synthetic/color_shift/002-006_34656.png
002-006_34656,002-006,1,pattern_noise_jitter,data/e05_synthetic/pattern_noise_jitter/002-006_34656.png
002-006_34656,002-006,1,color_shift_jitter,data/e05_synthetic/color_shift_jitter/002-006_34656.png
002-006_34671,002-006,3,clean,data/e05_synthetic/clean/002-006_34671.png
002-006_34671,002-006,3,pattern_noise,data/e05_synthetic/pattern_noise/002-006_34671.png
002-006_34671,002-006,3,color_shift,data/e05_synthetic/color_shift/002-006_34671.png
002-006_34671,002-006,3,pattern_noise_jitter,data/e05_synthetic/pattern_noise_jitter/002-006_34671.png
002-006_34671,002-006,3,color_shift_jitter,data/e05_synthetic/color_shift_jitter/002-006_34671.png
002-006_34762,002-006,3,clean,data/e05_synthetic/clean/002-006_34762.png
002-006_34762,002-006,3,pattern_noise,data/e05_synthetic/pattern_noise/002-006_34762.png
002-006_34762,002-006,3,color_shift,data/e05_synthetic/color_shift/002-006_34762.png
002-006_34762,002-006,3,pattern_noise_jitter,data/e05_synthetic/pattern_noise_jitter/002-006_34762.png
002-006_34762,002-006,3,color_shift_jitter,data/e05_synthetic/color_shift_jitter/002-006_34762.png
002-006_35024,002-006,2,clean,data/e05_synthetic/clean/002-006_35024.png
002-006_35024,002-006,2,pattern_noise,data/e05_synthetic/pattern_noise/002-006_35024.png
002-006_35024,002-006,2,color_shift,data/e05_synthetic/color_shift/002-006_35024.png
002-006_35024,002-006,2,pattern_noise_jitter,data/e05_synthetic/pattern_noise_jitter/002-006_35024.png
002-006_35024,002-006,2,color_shift_jitter,data/e05_synthetic/color_shift_jitter/002-006_35024.png
003-001_17276,003-001,1,clean,data/e05_synthetic/clean/003-001_17276.png
003-001_17276,003-001,1,pattern_noise,data/e05_synthetic/pattern_noise/003-001_17276.png
003-001_17276,003-001,1,color_shift,data/e05_synthetic/color_shift/003-001_17276.png
003-001_17276,003-001,1,pattern_noise_jitter,data/e05_synthetic/pattern_noise_jitter/003-001_17276.png
003-001_17276,003-001,1,color_shift_jitter,data/e05_synthetic/color_shift_jitter/003-001_17276.png
003-001_17699,003-001,3,clean,data/e05_synthetic/clean/003-001_17699.png
003-001_17699,003-001,3,pattern_noise,data/e05_synthetic/pattern_noise/003-001_17699.png
003-001_17699,003-001,3,color_shift,data/e05_synthetic/color_shift/003-001_17699.png
003-001_17699,003-001,3,pattern_noise_jitter,data/e05_synthetic/pattern_noise_jitter/003-001_17699.png
003-001_17699,003-001,3,color_shift_jitter,data/e05_synthetic/color_shift_jitter/003-001_17699.png
003-001_17770,003-001,0,clean,data/e05_synthetic/clean/003-001_17770.png
003-001_17770,003-001,0,pattern_noise,data/e05_synthetic/pattern_noise/003-001_17770.png
003-001_17770,003-001,0,color_shift,data/e05_synthetic/color_shift/003-001_17770.png
003-001_17770,003-001,0,pattern_noise_jitter,data/e05_synthetic/pattern_noise_jitter/003-001_17770.png
003-001_17770,003-001,0,color_shift_jitter,data/e05_synthetic/color_shift_jitter/003-001_17770.png
003-001_18319,003-001,1,clean,data/e05_synthetic/clean/003-001_18319.png
003-001_18319,003-001,1,pattern_noise,data/e05_synthetic/pattern_noise/003-001_18319.png
003-001_18319,003-001,1,color_shift,data/e05_synthetic/color_shift/003-001_18319.png
003-001_18319,003-001,1,pattern_noise_jitter,data/e05_synthetic/pattern_noise_jitter/003-001_18319.png
003-001_18319,003-001,1,color_shift_jitter,data/e05_synthetic/color_shift_jitter/003-001_18319.png
003-001_18505,003-001,2,clean,data/e05_synthetic/clean/003-001_18505.png
003-001_18505,003-001,2,pattern_noise,data/e05_synthetic/pattern_noise/003-001_18505.png
003-001_18505,003-001,2,color_shift,data/e05_synthetic/color_shift/003-001_18505.png
003-001_18505,003-001,2,pattern_noise_jitter,data/e05_synthetic/pattern_noise_jitter/003-001_18505.png
003-001_18505,003-001,2,color_shift_jitter,data/e05_synthetic/color_shift_jitter/003-001_18505.png
003-001_18565,003-001,2,clean,data/e05_synthetic/clean/003-001_18565.png
003-001_18565,003-001,2,pattern_noise,data/e05_synthetic/pattern_noise/003-001_18565.png
003-001_18565,003-001,2,color_shift,data/e05_synthetic/color_shift/003-001_18565.png
003-001_18565,003-001,2,pattern_noise_jitter,data/e05_synthetic/pattern_noise_jitter/003-001_18565.png
003-001_18565,003-001,2,color_shift_jitter,data/e05_synthetic/color_shift_jitter/003-001_18565.png
003-001_19279,003-001,2,clean,data/e05_synthetic/clean/003-001_19279.png
003-001_19279,003-001,2,pattern_noise,data/e05_synthetic/pattern_noise/003-001_19279.png
003-001_19279,003-001,2,color_shift,data/e05_synthetic/color_shift/003-001_19279.png
003-001_19279,003-001,2,pattern_noise_jitter,data/e05_synthetic/pattern_noise_jitter/003-001_19279.png
003-001_19279,003-001,2,color_shift_jitter,data/e05_synthetic/color_shift_jitter/003-001_19279.png
003-001_19302,003-001,1,clean,data/e05_synthetic/clean/003-001_19302.png
003-001_19302,003-001,1,pattern_noise,data/e05_synthetic/pattern_noise/003-001_19302.png
003-001_19302,003-001,1,color_shift,data/e05_synthetic/color_shift/003-001_19302.png
003-001_19302,003-001,1,pattern_noise_jitter,data/e05_synthetic/pattern_noise_jitter/003-001_19302.png
003-001_19302,003-001,1,color_shift_jitter,data/e05_synthetic/color_shift_jitter/003-001_19302.png
003-001_19502,003-001,0,clean,data/e05_synthetic/clean/003-001_19502.png
003-001_19502,003-001,0,pattern_noise,data/e05_synthetic/pattern_noise/003-001_19502.png
003-001_19502,003-001,0,color_shift,data/e05_synthetic/color_shift/003-001_19502.png
003-001_19502,003-001,0,pattern_noise_jitter,data/e05_synthetic/pattern_noise_jitter/003-001_19502.png
003-001_19502,003-001,0,color_shift_jitter,data/e05_synthetic/color_shift_jitter/003-001_19502.png
003-001_19655,003-001,1,clean,data/e05_synthetic/clean/003-001_19655.png
003-001_19655,003-001,1,pattern_noise,data/e05_synthetic/pattern_noise/003-001_19655.png
003-001_19655,003-001,1,color_shift,data/e05_synthetic/color_shift/003-001_19655.png
003-001_19655,003-001,1,pattern_noise_jitter,data/e05_synthetic/pattern_noise_jitter/003-001_19655.png
003-001_19655,003-001,1,color_shift_jitter,data/e05_synthetic/color_shift_jitter/003-001_19655.png
003-001_19868,003-001,3,clean,data/e05_synthetic/clean/003-001_19868.png
003-001_19868,003-001,3,pattern_noise,data/e05_synthetic/pattern_noise/003-001_19868.png
003-001_19868,003-001,3,color_shift,data/e05_synthetic/color_shift/003-001_19868.png
003-001_19868,003-001,3,pattern_noise_jitter,data/e05_synthetic/pattern_noise_jitter/003-001_19868.png
003-001_19868,003-001,3,color_shift_jitter,data/e05_synthetic/color_shift_jitter/003-001_19868.png
003-001_19875,003-001,1,clean,data/e05_synthetic/clean/003-001_19875.png
003-001_19875,003-001,1,pattern_noise,data/e05_synthetic/pattern_noise/003-001_19875.png
003-001_19875,003-001,1,color_shift,data/e05_synthetic/color_shift/003-001_19875.png
003-001_19875,003-001,1,pattern_noise_jitter,data/e05_synthetic/pattern_noise_jitter/003-001_19875.png
003-001_19875,003-001,1,color_shift_jitter,data/e05_synthetic/color_shift_jitter/003-001_19875.png
003-001_19938,003-001,0,clean,data/e05_synthetic/clean/003-001_19938.png
003-001_19938,003-001,0,pattern_noise,data/e05_synthetic/pattern_noise/003-001_19938.png
003-001_19938,003-001,0,color_shift,data/e05_synthetic/color_shift/003-001_19938.png
003-001_19938,003-001,0,pattern_noise_jitter,data/e05_synthetic/pattern_noise_jitter/003-001_19938.png
003-001_19938,003-001,0,color_shift_jitter,data/e05_synthetic/color_shift_jitter/003-001_19938.png
003-001_20182,003-001,2,clean,data/e05_synthetic/clean/003-001_20182.png
003-001_20182,003-001,2,pattern_noise,data/e05_synthetic/pattern_noise/003-001_20182.png
003-001_20182,003-001,2,color_shift,data/e05_synthetic/color_shift/003-001_20182.png
003-001_20182,003-001,2,pattern_noise_jitter,data/e05_synthetic/pattern_noise_jitter/003-001_20182.png
003-001_20182,003-001,2,color_shift_jitter,data/e05_synthetic/color_shift_jitter/003-001_20182.png
003-001_20227,003-001,2,clean,data/e05_synthetic/clean/003-001_20227.png
003-001_20227,003-001,2,pattern_noise,data/e05_synthetic/pattern_noise/003-001_20227.png
003-001_20227,003-001,2,color_shift,data/e05_synthetic/color_shift/003-001_20227.png
003-001_20227,003-001,2,pattern_noise_jitter,data/e05_synthetic/pattern_noise_jitter/003-001_20227.png
003-001_20227,003-001,2,color_shift_jitter,data/e05_synthetic/color_shift_jitter/003-001_20227.png
003-001_20241,003-001,3,clean,data/e05_synthetic/clean/003-001_20241.png
003-001_20241,003-001,3,pattern_noise,data/e05_synthetic/pattern_noise/003-001_20241.png
003-001_20241,003-001,3,color_shift,data/e05_synthetic/color_shift/003-001_20241.png
003-001_20241,003-001,3,pattern_noise_jitter,data/e05_synthetic/pattern_noise_jitter/003-001_20241.png
003-001_20241,003-001,3,color_shift_jitter,data/e05_synthetic/color_shift_jitter/003-001_20241.png
003-001_20295,003-001,2,clean,data/e05_synthetic/clean/003-001_20295.png
003-001_20295,003-001,2,pattern_noise,data/e05_synthetic/pattern_noise/003-001_20295.png
003-001_20295,003-001,2,color_shift,data/e05_synthetic/color_shift/003-001_20295.png
003-001_20295,003-001,2,pattern_noise_jitter,data/e05_synthetic/pattern_noise_jitter/003-001_20295.png
003-001_20295,003-001,2,color_shift_jitter,data/e05_synthetic/color_shift_jitter/003-001_20295.png
003-001_20346,003-001,3,clean,data/e05_synthetic/clean/003-001_20346.png
003-001_20346,003-001,3,pattern_noise,data/e05_synthetic/pattern_noise/003-001_20346.png
003-001_20346,003-001,3,color_shift,data/e05_synthetic/color_shift/003-001_20346.png
003-001_20346,003-001,3,pattern_noise_jitter,data/e05_synthetic/pattern_noise_jitter/003-001_20346.png
003-001_20346,003-001,3,color_shift_jitter,data/e05_synthetic/color_shift_jitter/003-001_20346.png
003-001_20475,003-001,3,clean,data/e05_synthetic/clean/003-001_20475.png
003-001_20475,003-001,3,pattern_noise,data/e05_synthetic/pattern_noise/003-001_20475.png
003-001_20475,003-001,3,color_shift,data/e05_synthetic/color_shift/003-001_20475.png
003-001_20475,003-001,3,pattern_noise_jitter,data/e05_synthetic/pattern_noise_jitter/003-001_20475.png
003-001_20475,003-001,3,color_shift_jitter,data/e05_synthetic/color_shift_jitter/003-001_20475.png
003-001_20538,003-001,1,clean,data/e05_synthetic/clean/003-001_20538.png
003-001_20538,003-001,1,pattern_noise,data/e05_synthetic/pattern_noise/003-001_20538.png
003-001_20538,003-001,1,color_shift,data/e05_synthetic/color_shift/003-001_20538.png
003-001_20538,003-001,1,pattern_noise_jitter,data/e05_synthetic/pattern_noise_jitter/003-001_20538.png
003-001_20538,003-001,1,color_shift_jitter,data/e05_synthetic/color_shift_jitter/003-001_20538.png
003-001_20812,003-001,0,clean,data/e05_synthetic/clean/003-001_20812.png
003-001_20812,003-001,0,pattern_noise,data/e05_synthetic/pattern_noise/003-001_20812.png
003-001_20812,003-001,0,color_shift,data/e05_synthetic/color_shift/003-001_20812.png
003-001_20812,003-001,0,pattern_noise_jitter,data/e05_synthetic/pattern_noise_jitter/003-001_20812.png
003-001_20812,003-001,0,color_shift_jitter,data/e05_synthetic/color_shift_jitter/003-001_20812.png
003-001_21018,003-001,1,clean,data/e05_synthetic/clean/003-001_21018.png
003-001_21018,003-001,1,pattern_noise,data/e05_synthetic/pattern_noise/003-001_21018.png
003-001_21018,003-001,1,color_shift,data/e05_synthetic/color_shift/003-001_21018.png
003-001_21018,003-001,1,pattern_noise_jitter,data/e05_synthetic/pattern_noise_jitter/003-001_21018.png
003-001_21018,003-001,1,color_shift_jitter,data/e05_synthetic/color_shift_jitter/003-001_21018.png
003-001_21077,003-001,1,clean,data/e05_synthetic/clean/003-001_21077.png
003-001_21077,003-001,1,pattern_noise,data/e05_synthetic/pattern_noise/003-001_21077.png
003-001_21077,003-001,1,color_shift,data/e05_synthetic/color_shift/003-001_21077.png
003-001_21077,003-001,1,pattern_noise_jitter,data/e05_synthetic/pattern_noise_jitter/003-001_21077.png
003-001_21077,003-001,1,color_shift_jitter,data/e05_synthetic/color_shift_jitter/003-001_21077.png
003-001_21328,003-001,0,clean,data/e05_synthetic/clean/003-001_21328.png
003-001_21328,003-001,0,pattern_noise,data/e05_synthetic/pattern_noise/003-001_21328.png
003-001_21328,003-001,0,color_shift,data/e05_synthetic/color_shift/003-001_21328.png
003-001_21328,003-001,0,pattern_noise_jitter,data/e05_synthetic/pattern_noise_jitter/003-001_21328.png
003-001_21328,003-001,0,color_shift_jitter,data/e05_synthetic/color_shift_jitter/003-001_21328.png
003-001_21506,003-001,0,clean,data/e05_synthetic/clean/003-001_21506.png
003-001_21506,003-001,0,pattern_noise,data/e05_synthetic/pattern_noise/003-001_21506.png
003-001_21506,003-001,0,color_shift,data/e05_synthetic/color_shift/003-001_21506.png
003-001_21506,003-001,0,pattern_noise_jitter,data/e05_synthetic/pattern_noise_jitter/003-001_21506.png
003-001_21506,003-001,0,color_shift_jitter,data/e05_synthetic/color_shift_jitter/003-001_21506.png
003-001_21802,003-001,1,clean,data/e05_synthetic/clean/003-001_21802.png
003-001_21802,003-001,1,pattern_noise,data/e05_synthetic/pattern_noise/003-001_21802.png
003-001_21802,003-001,1,color_shift,data/e05_synthetic/color_shift/003-001_21802.png
003-001_21802,003-001,1,pattern_noise_jitter,data/e05_synthetic/pattern_noise_jitter/003-001_21802.png
003-001_21802,003-001,1,color_shift_jitter,data/e05_synthetic/color_shift_jitter/003-001_21802.png
003-001_21818,003-001,0,clean,data/e05_synthetic/clean/003-001_21818.png
003-001_21818,003-001,0,pattern_noise,data/e05_synthetic/pattern_noise/003-001_21818.png
003-001_21818,003-001,0,color_shift,data/e05_synthetic/color_shift/003-001_21818.png
003-001_21818,003-001,0,pattern_noise_jitter,data/e05_synthetic/pattern_noise_jitter/003-001_21818.png
003-001_21818,003-001,0,color_shift_jitter,data/e05_synthetic/color_shift_jitter/003-001_21818.png
003-001_21908,003-001,2,clean,data/e05_synthetic/clean/003-001_21908.png
003-001_21908,003-001,2,pattern_noise,data/e05_synthetic/pattern_noise/003-001_21908.png
003-001_21908,003-001,2,color_shift,data/e05_synthetic/color_shift/003-001_21908.png
003-001_21908,003-001,2,pattern_noise_jitter,data/e05_synthetic/pattern_noise_jitter/003-001_21908.png
003-001_21908,003-001,2,color_shift_jitter,data/e05_synthetic/color_shift_jitter/003-001_21908.png
003-001_22054,003-001,0,clean,data/e05_synthetic/clean/003-001_22054.png
003-001_22054,003-001,0,pattern_noise,data/e05_synthetic/pattern_noise/003-001_22054.png
003-001_22054,003-001,0,color_shift,data/e05_synthetic/color_shift/003-001_22054.png
003-001_22054,003-001,0,pattern_noise_jitter,data/e05_synthetic/pattern_noise_jitter/003-001_22054.png
003-001_22054,003-001,0,color_shift_jitter,data/e05_synthetic/color_shift_jitter/003-001_22054.png
003-001_22139,003-001,2,clean,data/e05_synthetic/clean/003-001_22139.png
003-001_22139,003-001,2,pattern_noise,data/e05_synthetic/pattern_noise/003-001_22139.png
003-001_22139,003-001,2,color_shift,data/e05_synthetic/color_shift/003-001_22139.png
003-001_22139,003-001,2,pattern_noise_jitter,data/e05_synthetic/pattern_noise_jitter/003-001_22139.png
003-001_22139,003-001,2,color_shift_jitter,data/e05_synthetic/color_shift_jitter/003-001_22139.png
003-001_23264,003-001,2,clean,data/e05_synthetic/clean/003-001_23264.png
003-001_23264,003-001,2,pattern_noise,data/e05_synthetic/pattern_noise/003-001_23264.png
003-001_23264,003-001,2,color_shift,data/e05_synthetic/color_shift/003-001_23264.png
003-001_23264,003-001,2,pattern_noise_jitter,data/e05_synthetic/pattern_noise_jitter/003-001_23264.png
003-001_23264,003-001,2,color_shift_jitter,data/e05_synthetic/color_shift_jitter/003-001_23264.png
003-001_23357,003-001,0,clean,data/e05_synthetic/clean/003-001_23357.png
003-001_23357,003-001,0,pattern_noise,data/e05_synthetic/pattern_noise/003-001_23357.png
003-001_23357,003-001,0,color_shift,data/e05_synthetic/color_shift/003-001_23357.png
003-001_23357,003-001,0,pattern_noise_jitter,data/e05_synthetic/pattern_noise_jitter/003-001_23357.png
003-001_23357,003-001,0,color_shift_jitter,data/e05_synthetic/color_shift_jitter/003-001_23357.png
003-001_23444,003-001,2,clean,data/e05_synthetic/clean/003-001_23444.png
003-001_23444,003-001,2,pattern_noise,data/e05_synthetic/pattern_noise/003-001_23444.png
003-001_23444,003-001,2,color_shift,data/e05_synthetic/color_shift/003-001_23444.png
003-001_23444,003-001,2,pattern_noise_jitter,data/e05_synthetic/pattern_noise_jitter/003-001_23444.png
003-001_23444,003-001,2,color_shift_jitter,data/e05_synthetic/color_shift_jitter/003-001_23444.png
003-001_23477,003-001,2,clean,data/e05_synthetic/clean/003-001_23477.png
003-001_23477,003-001,2,pattern_noise,data/e05_synthetic/pattern_noise/003-001_23477.png
003-001_23477,003-001,2,color_shift,data/e05_synthetic/color_shift/003-001_23477.png
003-001_23477,003-001,2,pattern_noise_jitter,data/e05_synthetic/pattern_noise_jitter/003-001_23477.png
003-001_23477,003-001,2,color_shift_jitter,data/e05_synthetic/color_shift_jitter/003-001_23477.png
003-001_23499,003-001,3,clean,data/e05_synthetic/clean/003-001_23499.png
003-001_23499,003-001,3,pattern_noise,data/e05_synthetic/pattern_noise/003-001_23499.png
003-001_23499,003-001,3,color_shift,data/e05_synthetic/color_shift/003-001_23499.png
003-001_23499,003-001,3,pattern_noise_jitter,data/e05_synthetic/pattern_noise_jitter/003-001_23499.png
003-001_23499,003-001,3,color_shift_jitter,data/e05_synthetic/color_shift_jitter/003-001_23499.png
003-001_23897,003-001,0,clean,data/e05_synthetic/clean/003-001_23897.png
003-001_23897,003-001,0,pattern_noise,data/e05_synthetic/pattern_noise/003-001_23897.png
003-001_23897,003-001,0,color_shift,data/e05_synthetic/color_shift/003-001_23897.png
003-001_23897,003-001,0,pattern_noise_jitter,data/e05_synthetic/pattern_noise_jitter/003-001_23897.png
003-001_23897,003-001,0,color_shift_jitter,data/e05_synthetic/color_shift_jitter/003-001_23897.png
003-001_23939,003-001,1,clean,data/e05_synthetic/clean/003-001_23939.png
003-001_23939,003-001,1,pattern_noise,data/e05_synthetic/pattern_noise/003-001_23939.png
003-001_23939,003-001,1,color_shift,data/e05_synthetic/color_shift/003-001_23939.png
003-001_23939,003-001,1,pattern_noise_jitter,data/e05_synthetic/pattern_noise_jitter/003-001_23939.png
003-001_23939,003-001,1,color_shift_jitter,data/e05_synthetic/color_shift_jitter/003-001_23939.png
003-001_24290,003-001,3,clean,data/e05_synthetic/clean/003-001_24290.png
003-001_24290,003-001,3,pattern_noise,data/e05_synthetic/pattern_noise/003-001_24290.png
003-001_24290,003-001,3,color_shift,data/e05_synthetic/color_shift/003-001_24290.png
003-001_24290,003-001,3,pattern_noise_jitter,data/e05_synthetic/pattern_noise_jitter/003-001_24290.png
003-001_24290,003-001,3,color_shift_jitter,data/e05_synthetic/color_shift_jitter/003-001_24290.png
003-001_24396,003-001,1,clean,data/e05_synthetic/clean/003-001_24396.png
003-001_24396,003-001,1,pattern_noise,data/e05_synthetic/pattern_noise/003-001_24396.png
003-001_24396,003-001,1,color_shift,data/e05_synthetic/color_shift/003-001_24396.png
003-001_24396,003-001,1,pattern_noise_jitter,data/e05_synthetic/pattern_noise_jitter/003-001_24396.png
003-001_24396,003-001,1,color_shift_jitter,data/e05_synthetic/color_shift_jitter/003-001_24396.png
003-001_24463,003-001,3,clean,data/e05_synthetic/clean/003-001_24463.png
003-001_24463,003-001,3,pattern_noise,data/e05_synthetic/pattern_noise/003-001_24463.png
003-001_24463,003-001,3,color_shift,data/e05_synthetic/color_shift/003-001_24463.png
003-001_24463,003-001,3,pattern_noise_jitter,data/e05_synthetic/pattern_noise_jitter/003-001_24463.png
003-001_24463,003-001,3,color_shift_jitter,data/e05_synthetic/color_shift_jitter/003-001_24463.png
003-001_24503,003-001,1,clean,data/e05_synthetic/clean/003-001_24503.png
003-001_24503,003-001,1,pattern_noise,data/e05_synthetic/pattern_noise/003-001_24503.png
003-001_24503,003-001,1,color_shift,data/e05_synthetic/color_shift/003-001_24503.png
003-001_24503,003-001,1,pattern_noise_jitter,data/e05_synthetic/pattern_noise_jitter/003-001_24503.png
003-001_24503,003-001,1,color_shift_jitter,data/e05_synthetic/color_shift_jitter/003-001_24503.png
003-001_24955,003-001,0,clean,data/e05_synthetic/clean/003-001_24955.png
003-001_24955,003-001,0,pattern_noise,data/e05_synthetic/pattern_noise/003-001_24955.png
003-001_24955,003-001,0,color_shift,data/e05_synthetic/color_shift/003-001_24955.png
003-001_24955,003-001,0,pattern_noise_jitter,data/e05_synthetic/pattern_noise_jitter/003-001_24955.png
003-001_24955,003-001,0,color_shift_jitter,data/e05_synthetic/color_shift_jitter/003-001_24955.png
003-001_25057,003-001,3,clean,data/e05_synthetic/clean/003-001_25057.png
003-001_25057,003-001,3,pattern_noise,data/e05_synthetic/pattern_noise/003-001_25057.png
003-001_25057,003-001,3,color_shift,data/e05_synthetic/color_shift/003-001_25057.png
003-001_25057,003-001,3,pattern_noise_jitter,data/e05_synthetic/pattern_noise_jitter/003-001_25057.png
003-001_25057,003-001,3,color_shift_jitter,data/e05_synthetic/color_shift_jitter/003-001_25057.png
003-001_25172,003-001,2,clean,data/e05_synthetic/clean/003-001_25172.png
003-001_25172,003-001,2,pattern_noise,data/e05_synthetic/pattern_noise/003-001_25172.png
003-001_25172,003-001,2,color_shift,data/e05_synthetic/color_shift/003-001_25172.png
003-001_25172,003-001,2,pattern_noise_jitter,data/e05_synthetic/pattern_noise_jitter/003-001_25172.png
003-001_25172,003-001,2,color_shift_jitter,data/e05_synthetic/color_shift_jitter/003-001_25172.png
003-001_25202,003-001,3,clean,data/e05_synthetic/clean/003-001_25202.png
003-001_25202,003-001,3,pattern_noise,data/e05_synthetic/pattern_noise/003-001_25202.png
003-001_25202,003-001,3,color_shift,data/e05_synthetic/color_shift/003-001_25202.png
003-001_25202,003-001,3,pattern_noise_jitter,data/e05_synthetic/pattern_noise_jitter/003-001_25202.png
003-001_25202,003-001,3,color_shift_jitter,data/e05_synthetic/color_shift_jitter/003-001_25202.png
003-001_25231,003-001,1,clean,data/e05_synthetic/clean/003-001_25231.png
003-001_25231,003-001,1,pattern_noise,data/e05_synthetic/pattern_noise/003-001_25231.png
003-001_25231,003-001,1,color_shift,data/e05_synthetic/color_shift/003-001_25231.png
003-001_25231,003-001,1,pattern_noise_jitter,data/e05_synthetic/pattern_noise_jitter/003-001_25231.png
003-001_25231,003-001,1,color_shift_jitter,data/e05_synthetic/color_shift_jitter/003-001_25231.png
003-001_25447,003-001,2,clean,data/e05_synthetic/clean/003-001_25447.png
003-001_25447,003-001,2,pattern_noise,data/e05_synthetic/pattern_noise/003-001_25447.png
003-001_25447,003-001,2,color_shift,data/e05_synthetic/color_shift/003-001_25447.png
003-001_25447,003-001,2,pattern_noise_jitter,data/e05_synthetic/pattern_noise_jitter/003-001_25447.png
003-001_25447,003-001,2,color_shift_jitter,data/e05_synthetic/color_shift_jitter/003-001_25447.png
003-001_25723,003-001,2,clean,data/e05_synthetic/clean/003-001_25723.png
003-001_25723,003-001,2,pattern_noise,data/e05_synthetic/pattern_noise/003-001_25723.png
003-001_25723,003-001,2,color_shift,data/e05_synthetic/color_shift/003-001_25723.png
003-001_25723,003-001,2,pattern_noise_jitter,data/e05_synthetic/pattern_noise_jitter/003-001_25723.png
003-001_25723,003-001,2,color_shift_jitter,data/e05_synthetic/color_shift_jitter/003-001_25723.png
003-001_25760,003-001,2,clean,data/e05_synthetic/clean/003-001_25760.png
003-001_25760,003-001,2,pattern_noise,data/e05_synthetic/pattern_noise/003-001_25760.png
003-001_25760,003-001,2,color_shift,data/e05_synthetic/color_shift/003-001_25760.png
003-001_25760,003-001,2,pattern_noise_jitter,data/e05_synthetic/pattern_noise_jitter/003-001_25760.png
003-001_25760,003-001,2,color_shift_jitter,data/e05_synthetic/color_shift_jitter/003-001_25760.png
003-001_25774,003-001,1,clean,data/e05_synthetic/clean/003-001_25774.png
003-001_25774,003-001,1,pattern_noise,data/e05_synthetic/pattern_noise/003-001_25774.png
003-001_25774,003-001,1,color_shift,data/e05_synthetic/color_shift/003-001_25774.png
003-001_25774,003-001,1,pattern_noise_jitter,data/e05_synthetic/pattern_noise_jitter/003-001_25774.png
003-001_25774,003-001,1,color_shift_jitter,data/e05_synthetic/color_shift_jitter/003-001_25774.png
003-001_26120,003-001,1,clean,data/e05_synthetic/clean/003-001_26120.png
003-001_26120,003-001,1,pattern_noise,data/e05_synthetic/pattern_noise/003-001_26120.png
003-001_26120,003-001,1,color_shift,data/e05_synthetic/color_shift/003-001_26120.png
003-001_26120,003-001,1,pattern_noise_jitter,data/e05_synthetic/pattern_noise_jitter/003-001_26120.png
003-001_26120,003-001,1,color_shift_jitter,data/e05_synthetic/color_shift_jitter/003-001_26120.png
003-001_26257,003-001,1,clean,data/e05_synthetic/clean/003-001_26257.png
003-001_26257,003-001,1,pattern_noise,data/e05_synthetic/pattern_noise/003-001_26257.png
003-001_26257,003-001,1,color_shift,data/e05_synthetic/color_shift/003-001_26257.png
003-001_26257,003-001,1,pattern_noise_jitter,data/e05_synthetic/pattern_noise_jitter/003-001_26257.png
003-001_26257,003-001,1,color_shift_jitter,data/e05_synthetic/color_shift_jitter/003-001_26257.png
003-001_26270,003-001,3,clean,data/e05_synthetic/clean/003-001_26270.png
003-001_26270,003-001,3,pattern_noise,data/e05_synthetic/pattern_noise/003-001_26270.png
003-001_26270,003-001,3,color_shift,data/e05_synthetic/color_shift/003-001_26270.png
003-001_26270,003-001,3,pattern_noise_jitter,data/e05_synthetic/pattern_noise_jitter/003-001_26270.png
003-001_26270,003-001,3,color_shift_jitter,data/e05_synthetic/color_shift_jitter/003-001_26270.png
003-001_26474,003-001,3,clean,data/e05_synthetic/clean/003-001_26474.png
003-001_26474,003-001,3,pattern_noise,data/e05_synthetic/pattern_noise/003-001_26474.png
003-001_26474,003-001,3,color_shift,data/e05_synthetic/color_shift/003-001_26474.png
003-001_26474,003-001,3,pattern_noise_jitter,data/e05_synthetic/pattern_noise_jitter/003-001_26474.png
003-001_26474,003-001,3,color_shift_jitter,data/e05_synthetic/color_shift_jitter/003-001_26474.png
003-001_26664,003-001,0,clean,data/e05_synthetic/clean/003-001_26664.png
003-001_26664,003-001,0,pattern_noise,data/e05_synthetic/pattern_noise/003-001_26664.png
003-001_26664,003-001,0,color_shift,data/e05_synthetic/color_shift/003-001_26664.png
003-001_26664,003-001,0,pattern_noise_jitter,data/e05_synthetic/pattern_noise_jitter/003-001_26664.png
003-001_26664,003-001,0,color_shift_jitter,data/e05_synthetic/color_shift_jitter/003-001_26664.png
003-001_26752,003-001,0,clean,data/e05_synthetic/clean/003-001_26752.png
003-001_26752,003-001,0,pattern_noise,data/e05_synthetic/pattern_noise/003-001_26752.png
003-001_26752,003-001,0,color_shift,data/e05_synthetic/color_shift/003-001_26752.png
003-001_26752,003-001,0,pattern_noise_jitter,data/e05_synthetic/pattern_noise_jitter/003-001_26752.png
003-001_26752,003-001,0,color_shift_jitter,data/e05_synthetic/color_shift_jitter/003-001_26752.png
003-001_26777,003-001,3,clean,data/e05_synthetic/clean/003-001_26777.png
003-001_26777,003-001,3,pattern_noise,data/e05_synthetic/pattern_noise/003-001_26777.png
003-001_26777,003-001,3,color_shift,data/e05_synthetic/color_shift/003-001_26777.png
003-001_26777,003-001,3,pattern_noise_jitter,data/e05_synthetic/pattern_noise_jitter/003-001_26777.png
003-001_26777,003-001,3,color_shift_jitter,data/e05_synthetic/color_shift_jitter/003-001_26777.png
003-001_27116,003-001,0,clean,data/e05_synthetic/clean/003-001_27116.png
003-001_27116,003-001,0,pattern_noise,data/e05_synthetic/pattern_noise/003-001_27116.png
003-001_27116,003-001,0,color_shift,data/e05_synthetic/color_shift/003-001_27116.png
003-001_27116,003-001,0,pattern_noise_jitter,data/e05_synthetic/pattern_noise_jitter/003-001_27116.png
003-001_27116,003-001,0,color_shift_jitter,data/e05_synthetic/color_shift_jitter/003-001_27116.png
003-001_27177,003-001,2,clean,data/e05_synthetic/clean/003-001_27177.png
003-001_27177,003-001,2,pattern_noise,data/e05_synthetic/pattern_noise/003-001_27177.png
003-001_27177,003-001,2,color_shift,data/e05_synthetic/color_shift/003-001_27177.png
003-001_27177,003-001,2,pattern_noise_jitter,data/e05_synthetic/pattern_noise_jitter/003-001_27177.png
003-001_27177,003-001,2,color_shift_jitter,data/e05_synthetic/color_shift_jitter/003-001_27177.png
003-001_27401,003-001,3,clean,data/e05_synthetic/clean/003-001_27401.png
003-001_27401,003-001,3,pattern_noise,data/e05_synthetic/pattern_noise/003-001_27401.png
003-001_27401,003-001,3,color_shift,data/e05_synthetic/color_shift/003-001_27401.png
003-001_27401,003-001,3,pattern_noise_jitter,data/e05_synthetic/pattern_noise_jitter/003-001_27401.png
003-001_27401,003-001,3,color_shift_jitter,data/e05_synthetic/color_shift_jitter/003-001_27401.png
003-001_27600,003-001,1,clean,data/e05_synthetic/clean/003-001_27600.png
003-001_27600,003-001,1,pattern_noise,data/e05_synthetic/pattern_noise/003-001_27600.png
003-001_27600,003-001,1,color_shift,data/e05_synthetic/color_shift/003-001_27600.png
003-001_27600,003-001,1,pattern_noise_jitter,data/e05_synthetic/pattern_noise_jitter/003-001_27600.png
003-001_27600,003-001,1,color_shift_jitter,data/e05_synthetic/color_shift_jitter/003-001_27600.png
003-001_27627,003-001,1,clean,data/e05_synthetic/clean/003-001_27627.png
003-001_27627,003-001,1,pattern_noise,data/e05_synthetic/pattern_noise/003-001_27627.png
003-001_27627,003-001,1,color_shift,data/e05_synthetic/color_shift/003-001_27627.png
003-001_27627,003-001,1,pattern_noise_jitter,data/e05_synthetic/pattern_noise_jitter/003-001_27627.png
003-001_27627,003-001,1,color_shift_jitter,data/e05_synthetic/color_shift_jitter/003-001_27627.png
003-001_27726,003-001,0,clean,data/e05_synthetic/clean/003-001_27726.png
003-001_27726,003-001,0,pattern_noise,data/e05_synthetic/pattern_noise/003-001_27726.png
003-001_27726,003-001,0,color_shift,data/e05_synthetic/color_shift/003-001_27726.png
003-001_27726,003-001,0,pattern_noise_jitter,data/e05_synthetic/pattern_noise_jitter/003-001_27726.png
003-001_27726,003-001,0,color_shift_jitter,data/e05_synthetic/color_shift_jitter/003-001_27726.png
003-001_27866,003-001,3,clean,data/e05_synthetic/clean/003-001_27866.png
003-001_27866,003-001,3,pattern_noise,data/e05_synthetic/pattern_noise/003-001_27866.png
003-001_27866,003-001,3,color_shift,data/e05_synthetic/color_shift/003-001_27866.png
003-001_27866,003-001,3,pattern_noise_jitter,data/e05_synthetic/pattern_noise_jitter/003-001_27866.png
003-001_27866,003-001,3,color_shift_jitter,data/e05_synthetic/color_shift_jitter/003-001_27866.png
003-001_27895,003-001,3,clean,data/e05_synthetic/clean/003-001_27895.png
003-001_27895,003-001,3,pattern_noise,data/e05_synthetic/pattern_noise/003-001_27895.png
003-001_27895,003-001,3,color_shift,data/e05_synthetic/color_shift/003-001_27895.png
003-001_27895,003-001,3,pattern_noise_jitter,data/e05_synthetic/pattern_noise_jitter/003-001_27895.png
003-001_27895,003-001,3,color_shift_jitter,data/e05_synthetic/color_shift_jitter/003-001_27895.png
003-001_28058,003-001,2,clean,data/e05_synthetic/clean/003-001_28058.png
003-001_28058,003-001,2,pattern_noise,data/e05_synthetic/pattern_noise/003-001_28058.png
003-001_28058,003-001,2,color_shift,data/e05_synthetic/color_shift/003-001_28058.png
003-001_28058,003-001,2,pattern_noise_jitter,data/e05_synthetic/pattern_noise_jitter/003-001_28058.png
003-001_28058,003-001,2,color_shift_jitter,data/e05_synthetic/color_shift_jitter/003-001_28058.png
003-001_28142,003-001,1,clean,data/e05_synthetic/clean/003-001_28142.png
003-001_28142,003-001,1,pattern_noise,data/e05_synthetic/pattern_noise/003-001_28142.png
003-001_28142,003-001,1,color_shift,data/e05_synthetic/color_shift/003-001_28142.png
003-001_28142,003-001,1,pattern_noise_jitter,data/e05_synthetic/pattern_noise_jitter/003-001_28142.png
003-001_28142,003-001,1,color_shift_jitter,data/e05_synthetic/color_shift_jitter/003-001_28142.png
003-001_28155,003-001,2,clean,data/e05_synthetic/clean/003-001_28155.png
003-001_28155,003-001,2,pattern_noise,data/e05_synthetic/pattern_noise/003-001_28155.png
003-001_28155,003-001,2,color_shift,data/e05_synthetic/color_shift/003-001_28155.png
003-001_28155,003-001,2,pattern_noise_jitter,data/e05_synthetic/pattern_noise_jitter/003-001_28155.png
003-001_28155,003-001,2,color_shift_jitter,data/e05_synthetic/color_shift_jitter/003-001_28155.png
003-001_28225,003-001,0,clean,data/e05_synthetic/clean/003-001_28225.png
003-001_28225,003-001,0,pattern_noise,data/e05_synthetic/pattern_noise/003-001_28225.png
003-001_28225,003-001,0,color_shift,data/e05_synthetic/color_shift/003-001_28225.png
003-001_28225,003-001,0,pattern_noise_jitter,data/e05_synthetic/pattern_noise_jitter/003-001_28225.png
003-001_28225,003-001,0,color_shift_jitter,data/e05_synthetic/color_shift_jitter/003-001_28225.png
003-001_28832,003-001,0,clean,data/e05_synthetic/clean/003-001_28832.png
003-001_28832,003-001,0,pattern_noise,data/e05_synthetic/pattern_noise/003-001_28832.png
003-001_28832,003-001,0,color_shift,data/e05_synthetic/color_shift/003-001_28832.png
003-001_28832,003-001,0,pattern_noise_jitter,data/e05_synthetic/pattern_noise_jitter/003-001_28832.png
003-001_28832,003-001,0,color_shift_jitter,data/e05_synthetic/color_shift_jitter/003-001_28832.png
003-001_28949,003-001,2,clean,data/e05_synthetic/clean/003-001_28949.png
003-001_28949,003-001,2,pattern_noise,data/e05_synthetic/pattern_noise/003-001_28949.png
003-001_28949,003-001,2,color_shift,data/e05_synthetic/color_shift/003-001_28949.png
003-001_28949,003-001,2,pattern_noise_jitter,data/e05_synthetic/pattern_noise_jitter/003-001_28949.png
003-001_28949,003-001,2,color_shift_jitter,data/e05_synthetic/color_shift_jitter/003-001_28949.png
003-001_28971,003-001,3,clean,data/e05_synthetic/clean/003-001_28971.png
003-001_28971,003-001,3,pattern_noise,data/e05_synthetic/pattern_noise/003-001_28971.png
003-001_28971,003-001,3,color_shift,data/e05_synthetic/color_shift/003-001_28971.png
003-001_28971,003-001,3,pattern_noise_jitter,data/e05_synthetic/pattern_noise_jitter/003-001_28971.png
003-001_28971,003-001,3,color_shift_jitter,data/e05_synthetic/color_shift_jitter/003-001_28971.png
003-001_29430,003-001,0,clean,data/e05_synthetic/clean/003-001_29430.png
003-001_29430,003-001,0,pattern_noise,data/e05_synthetic/pattern_noise/003-001_29430.png
003-001_29430,003-001,0,color_shift,data/e05_synthetic/color_shift/003-001_29430.png
003-001_29430,003-001,0,pattern_noise_jitter,data/e05_synthetic/pattern_noise_jitter/003-001_29430.png
003-001_29430,003-001,0,color_shift_jitter,data/e05_synthetic/color_shift_jitter/003-001_29430.png
003-001_29851,003-001,0,clean,data/e05_synthetic/clean/003-001_29851.png
003-001_29851,003-001,0,pattern_noise,data/e05_synthetic/pattern_noise/003-001_29851.png
003-001_29851,003-001,0,color_shift,data/e05_synthetic/color_shift/003-001_29851.png
003-001_29851,003-001,0,pattern_noise_jitter,data/e05_synthetic/pattern_noise_jitter/003-001_29851.png
003-001_29851,003-001,0,color_shift_jitter,data/e05_synthetic/color_shift_jitter/003-001_29851.png
003-001_29862,003-001,3,clean,data/e05_synthetic/clean/003-001_29862.png
003-001_29862,003-001,3,pattern_noise,data/e05_synthetic/pattern_noise/003-001_29862.png
003-001_29862,003-001,3,color_shift,data/e05_synthetic/color_shift/003-001_29862.png
003-001_29862,003-001,3,pattern_noise_jitter,data/e05_synthetic/pattern_noise_jitter/003-001_29862.png
003-001_29862,003-001,3,color_shift_jitter,data/e05_synthetic/color_shift_jitter/003-001_29862.png
003-001_30060,003-001,1,clean,data/e05_synthetic/clean/003-001_30060.png
003-001_30060,003-001,1,pattern_noise,data/e05_synthetic/pattern_noise/003-001_30060.png
003-001_30060,003-001,1,color_shift,data/e05_synthetic/color_shift/003-001_30060.png
003-001_30060,003-001,1,pattern_noise_jitter,data/e05_synthetic/pattern_noise_jitter/003-001_30060.png
003-001_30060,003-001,1,color_shift_jitter,data/e05_synthetic/color_shift_jitter/003-001_30060.png
003-001_30307,003-001,3,clean,data/e05_synthetic/clean/003-001_30307.png
003-001_30307,003-001,3,pattern_noise,data/e05_synthetic/pattern_noise/003-001_30307.png
003-001_30307,003-001,3,color_shift,data/e05_synthetic/color_shift/003-001_30307.png
003-001_30307,003-001,3,pattern_noise_jitter,data/e05_synthetic/pattern_noise_jitter/003-001_30307.png
003-001_30307,003-001,3,color_shift_jitter,data/e05_synthetic/color_shift_jitter/003-001_30307.png
003-001_30507,003-001,2,clean,data/e05_synthetic/clean/003-001_30507.png
003-001_30507,003-001,2,pattern_noise,data/e05_synthetic/pattern_noise/003-001_30507.png
003-001_30507,003-001,2,color_shift,data/e05_synthetic/color_shift/003-001_30507.png
003-001_30507,003-001,2,pattern_noise_jitter,data/e05_synthetic/pattern_noise_jitter/003-001_30507.png
003-001_30507,003-001,2,color_shift_jitter,data/e05_synthetic/color_shift_jitter/003-001_30507.png
003-001_30982,003-001,0,clean,data/e05_synthetic/clean/003-001_30982.png
003-001_30982,003-001,0,pattern_noise,data/e05_synthetic/pattern_noise/003-001_30982.png
003-001_30982,003-001,0,color_shift,data/e05_synthetic/color_shift/003-001_30982.png
003-001_30982,003-001,0,pattern_noise_jitter,data/e05_synthetic/pattern_noise_jitter/003-001_30982.png
003-001_30982,003-001,0,color_shift_jitter,data/e05_synthetic/color_shift_jitter/003-001_30982.png
003-001_31020,003-001,0,clean,data/e05_synthetic/clean/003-001_31020.png
003-001_31020,003-001,0,pattern_noise,data/e05_synthetic/pattern_noise/003-001_31020.png
003-001_31020,003-001,0,color_shift,data/e05_synthetic/color_shift/003-001_31020.png
003-001_31020,003-001,0,pattern_noise_jitter,data/e05_synthetic/pattern_noise_jitter/003-001_31020.png
003-001_31020,003-001,0,color_shift_jitter,data/e05_synthetic/color_shift_jitter/003-001_31020.png
003-001_31465,003-001,0,clean,data/e05_synthetic/clean/003-001_31465.png
003-001_31465,003-001,0,pattern_noise,data/e05_synthetic/pattern_noise/003-001_31465.png
003-001_31465,003-001,0,color_shift,data/e05_synthetic/color_shift/003-001_31465.png
003-001_31465,003-001,0,pattern_noise_jitter,data/e05_synthetic/pattern_noise_jitter/003-001_31465.png
003-001_31465,003-001,0,color_shift_jitter,data/e05_synthetic/color_shift_jitter/003-001_31465.png
003-001_31745,003-001,3,clean,data/e05_synthetic/clean/003-001_31745.png
003-001_31745,003-001,3,pattern_noise,data/e05_synthetic/pattern_noise/003-001_31745.png
003-001_31745,003-001,3,color_shift,data/e05_synthetic/color_shift/003-001_31745.png
003-001_31745,003-001,3,pattern_noise_jitter,data/e05_synthetic/pattern_noise_jitter/003-001_31745.png
003-001_31745,003-001,3,color_shift_jitter,data/e05_synthetic/color_shift_jitter/003-001_31745.png
003-001_31820,003-001,3,clean,data/e05_synthetic/clean/003-001_31820.png
003-001_31820,003-001,3,pattern_noise,data/e05_synthetic/pattern_noise/003-001_31820.png
003-001_31820,003-001,3,color_shift,data/e05_synthetic/color_shift/003-001_31820.png
003-001_31820,003-001,3,pattern_noise_jitter,data/e05_synthetic/pattern_noise_jitter/003-001_31820.png
003-001_31820,003-001,3,color_shift_jitter,data/e05_synthetic/color_shift_jitter/003-001_31820.png
003-001_31918,003-001,0,clean,data/e05_synthetic/clean/003-001_31918.png
003-001_31918,003-001,0,pattern_noise,data/e05_synthetic/pattern_noise/003-001_31918.png
003-001_31918,003-001,0,color_shift,data/e05_synthetic/color_shift/003-001_31918.png
003-001_31918,003-001,0,pattern_noise_jitter,data/e05_synthetic/pattern_noise_jitter/003-001_31918.png
003-001_31918,003-001,0,color_shift_jitter,data/e05_synthetic/color_shift_jitter/003-001_31918.png
003-001_32003,003-001,1,clean,data/e05_synthetic/clean/003-001_32003.png
003-001_32003,003-001,1,pattern_noise,data/e05_synthetic/pattern_noise/003-001_32003.png
003-001_32003,003-001,1,color_shift,data/e05_synthetic/color_shift/003-001_32003.png
003-001_32003,003-001,1,pattern_noise_jitter,data/e05_synthetic/pattern_noise_jitter/003-001_32003.png
003-001_32003,003-001,1,color_shift_jitter,data/e05_synthetic/color_shift_jitter/003-001_32003.png
003-001_32710,003-001,2,clean,data/e05_synthetic/clean/003-001_32710.png
003-001_32710,003-001,2,pattern_noise,data/e05_synthetic/pattern_noise/003-001_32710.png
003-001_32710,003-001,2,color_shift,data/e05_synthetic/color_shift/003-001_32710.png
003-001_32710,003-001,2,pattern_noise_jitter,data/e05_synthetic/pattern_noise_jitter/003-001_32710.png
003-001_32710,003-001,2,color_shift_jitter,data/e05_synthetic/color_shift_jitter/003-001_32710.png
003-001_32853,003-001,0,clean,data/e05_synthetic/clean/003-001_32853.png
003-001_32853,003-001,0,pattern_noise,data/e05_synthetic/pattern_noise/003-001_32853.png
003-001_32853,003-001,0,color_shift,data/e05_synthetic/color_shift/003-001_32853.png
003-001_32853,003-001,0,pattern_noise_jitter,data/e05_synthetic/pattern_noise_jitter/003-001_32853.png
003-001_32853,003-001,0,color_shift_jitter,data/e05_synthetic/color_shift_jitter/003-001_32853.png
003-001_32856,003-001,3,clean,data/e05_synthetic/clean/003-001_32856.png
003-001_32856,003-001,3,pattern_noise,data/e05_synthetic/pattern_noise/003-001_32856.png
003-001_32856,003-001,3,color_shift,data/e05_synthetic/color_shift/003-001_32856.png
003-001_32856,003-001,3,pattern_noise_jitter,data/e05_synthetic/pattern_noise_jitter/003-001_32856.png
003-001_32856,003-001,3,color_shift_jitter,data/e05_synthetic/color_shift_jitter/003-001_32856.png
003-001_32869,003-001,0,clean,data/e05_synthetic/clean/003-001_32869.png
003-001_32869,003-001,0,pattern_noise,data/e05_synthetic/pattern_noise/003-001_32869.png
003-001_32869,003-001,0,color_shift,data/e05_synthetic/color_shift/003-001_32869.png
003-001_32869,003-001,0,pattern_noise_jitter,data/e05_synthetic/pattern_noise_jitter/003-001_32869.png
003-001_32869,003-001,0,color_shift_jitter,data/e05_synthetic/color_shift_jitter/003-001_32869.png
003-001_33161,003-001,3,clean,data/e05_synthetic/clean/003-001_33161.png
003-001_33161,003-001,3,pattern_noise,data/e05_synthetic/pattern_noise/003-001_33161.png
003-001_33161,003-001,3,color_shift,data/e05_synthetic/color_shift/003-001_33161.png
003-001_33161,003-001,3,pattern_noise_jitter,data/e05_synthetic/pattern_noise_jitter/003-001_33161.png
003-001_33161,003-001,3,color_shift_jitter,data/e05_synthetic/color_shift_jitter/003-001_33161.png
003-001_33178,003-001,1,clean,data/e05_synthetic/clean/003-001_33178.png
003-001_33178,003-001,1,pattern_noise,data/e05_synthetic/pattern_noise/003-001_33178.png
003-001_33178,003-001,1,color_shift,data/e05_synthetic/color_shift/003-001_33178.png
003-001_33178,003-001,1,pattern_noise_jitter,data/e05_synthetic/pattern_noise_jitter/003-001_33178.png
003-001_33178,003-001,1,color_shift_jitter,data/e05_synthetic/color_shift_jitter/003-001_33178.png
003-001_33271,003-001,2,clean,data/e05_synthetic/clean/003-001_33271.png
003-001_33271,003-001,2,pattern_noise,data/e05_synthetic/pattern_noise/003-001_33271.png
003-001_33271,003-001,2,color_shift,data/e05_synthetic/color_shift/003-001_33271.png
003-001_33271,003-001,2,pattern_noise_jitter,data/e05_synthetic/pattern_noise_jitter/003-001_33271.png
003-001_33271,003-001,2,color_shift_jitter,data/e05_synthetic/color_shift_jitter/003-001_33271.png
003-001_33382,003-001,1,clean,data/e05_synthetic/clean/003-001_33382.png
003-001_33382,003-001,1,pattern_noise,data/e05_synthetic/pattern_noise/003-001_33382.png
003-001_33382,003-001,1,color_shift,data/e05_synthetic/color_shift/003-001_33382.png
003-001_33382,003-001,1,pattern_noise_jitter,data/e05_synthetic/pattern_noise_jitter/003-001_33382.png
003-001_33382,003-001,1,color_shift_jitter,data/e05_synthetic/color_shift_jitter/003-001_33382.png
003-001_33412,003-001,3,clean,data/e05_synthetic/clean/003-001_33412.png
003-001_33412,003-001,3,pattern_noise,data/e05_synthetic/pattern_noise/003-001_33412.png
003-001_33412,003-001,3,color_shift,data/e05_synthetic/color_shift/003-001_33412.png
003-001_33412,003-001,3,pattern_noise_jitter,data/e05_synthetic/pattern_noise_jitter/003-001_33412.png
003-001_33412,003-001,3,color_shift_jitter,data/e05_synthetic/color_shift_jitter/003-001_33412.png
003-001_33776,003-001,2,clean,data/e05_synthetic/clean/003-001_33776.png
003-001_33776,003-001,2,pattern_noise,data/e05_synthetic/pattern_noise/003-001_33776.png
003-001_33776,003-001,2,color_shift,data/e05_synthetic/color_shift/003-001_33776.png
003-001_33776,003-001,2,pattern_noise_jitter,data/e05_synthetic/pattern_noise_jitter/003-001_33776.png
003-001_33776,003-001,2,color_shift_jitter,data/e05_synthetic/color_shift_jitter/003-001_33776.png
003-001_33883,003-001,1,clean,data/e05_synthetic/clean/003-001_33883.png
003-001_33883,003-001,1,pattern_noise,data/e05_synthetic/pattern_noise/003-001_33883.png
003-001_33883,003-001,1,color_shift,data/e05_synthetic/color_shift/003-001_33883.png
003-001_33883,003-001,1,pattern_noise_jitter,data/e05_synthetic/pattern_noise_jitter/003-001_33883.png
003-001_33883,003-001,1,color_shift_jitter,data/e05_synthetic/color_shift_jitter/003-001_33883.png
003-001_33992,003-001,1,clean,data/e05_synthetic/clean/003-001_33992.png
003-001_33992,003-001,1,pattern_noise,data/e05_synthetic/pattern_noise/003-001_33992.png
003-001_33992,003-001,1,color_shift,data/e05_synthetic/color_shift/003-001_33992.png
003-001_33992,003-001,1,pattern_noise_jitter,data/e05_synthetic/pattern_noise_jitter/003-001_33992.png
003-001_33992,003-001,1,color_shift_jitter,data/e05_synthetic/color_shift_jitter/003-001_33992.png
003-001_34322,003-001,2,clean,data/e05_synthetic/clean/003-001_34322.png
003-001_34322,003-001,2,pattern_noise,data/e05_synthetic/pattern_noise/003-001_34322.png
003-001_34322,003-001,2,color_shift,data/e05_synthetic/color_shift/003-001_34322.png
003-001_34322,003-001,2,pattern_noise_jitter,data/e05_synthetic/pattern_noise_jitter/003-001_34322.png
003-001_34322,003-001,2,color_shift_jitter,data/e05_synthetic/color_shift_jitter/003-001_34322.png
003-001_34337,003-001,2,clean,data/e05_synthetic/clean/003-001_34337.png
003-001_34337,003-001,2,pattern_noise,data/e05_synthetic/pattern_noise/003-001_34337.png
003-001_34337,003-001,2,color_shift,data/e05_synthetic/color_shift/003-001_34337.png
003-001_34337,003-001,2,pattern_noise_jitter,data/e05_synthetic/pattern_noise_jitter/003-001_34337.png
003-001_34337,003-001,2,color_shift_jitter,data/e05_synthetic/color_shift_jitter/003-001_34337.png
003-001_34428,003-001,3,clean,data/e05_synthetic/clean/003-001_34428.png
003-001_34428,003-001,3,pattern_noise,data/e05_synthetic/pattern_noise/003-001_34428.png
003-001_34428,003-001,3,color_shift,data/e05_synthetic/color_shift/003-001_34428.png
003-001_34428,003-001,3,pattern_noise_jitter,data/e05_synthetic/pattern_noise_jitter/003-001_34428.png
003-001_34428,003-001,3,color_shift_jitter,data/e05_synthetic/color_shift_jitter/003-001_34428.png
004-003_11217,004-003,0,clean,data/e05_synthetic/clean/004-003_11217.png
004-003_11217,004-003,0,pattern_noise,data/e05_synthetic/pattern_noise/004-003_11217.png
004-003_11217,004-003,0,color_shift,data/e05_synthetic/color_shift/004-003_11217.png
004-003_11217,004-003,0,pattern_noise_jitter,data/e05_synthetic/pattern_noise_jitter/004-003_11217.png
004-003_11217,004-003,0,color_shift_jitter,data/e05_synthetic/color_shift_jitter/004-003_11217.png
004-003_11429,004-003,1,clean,data/e05_synthetic/clean/004-003_11429.png
004-003_11429,004-003,1,pattern_noise,data/e05_synthetic/pattern_noise/004-003_11429.png
004-003_11429,004-003,1,color_shift,data/e05_synthetic/color_shift/004-003_11429.png
004-003_11429,004-003,1,pattern_noise_jitter,data/e05_synthetic/pattern_noise_jitter/004-003_11429.png
004-003_11429,004-003,1,color_shift_jitter,data/e05_synthetic/color_shift_jitter/004-003_11429.png
004-003_11739,004-003,0,clean,data/e05_synthetic/clean/004-003_11739.png
004-003_11739,004-003,0,pattern_noise,data/e05_synthetic/pattern_noise/004-003_11739.png
004-003_11739,004-003,0,color_shift,data/e05_synthetic/color_shift/004-003_11739.png
004-003_11739,004-003,0,pattern_noise_jitter,data/e05_synthetic/pattern_noise_jitter/004-003_11739.png
004-003_11739,004-003,0,color_shift_jitter,data/e05_synthetic/color_shift_jitter/004-003_11739.png
004-003_11862,004-003,1,clean,data/e05_synthetic/clean/004-003_11862.png
004-003_11862,004-003,1,pattern_noise,data/e05_synthetic/pattern_noise/004-003_11862.png
004-003_11862,004-003,1,color_shift,data/e05_synthetic/color_shift/004-003_11862.png
004-003_11862,004-003,1,pattern_noise_jitter,data/e05_synthetic/pattern_noise_jitter/004-003_11862.png
004-003_11862,004-003,1,color_shift_jitter,data/e05_synthetic/color_shift_jitter/004-003_11862.png
004-003_12219,004-003,1,clean,data/e05_synthetic/clean/004-003_12219.png
004-003_12219,004-003,1,pattern_noise,data/e05_synthetic/pattern_noise/004-003_12219.png
004-003_12219,004-003,1,color_shift,data/e05_synthetic/color_shift/004-003_12219.png
004-003_12219,004-003,1,pattern_noise_jitter,data/e05_synthetic/pattern_noise_jitter/004-003_12219.png
004-003_12219,004-003,1,color_shift_jitter,data/e05_synthetic/color_shift_jitter/004-003_12219.png
004-003_12230,004-003,3,clean,data/e05_synthetic/clean/004-003_12230.png
004-003_12230,004-003,3,pattern_noise,data/e05_synthetic/pattern_noise/004-003_12230.png
004-003_12230,004-003,3,color_shift,data/e05_synthetic/color_shift/004-003_12230.png
004-003_12230,004-003,3,pattern_noise_jitter,data/e05_synthetic/pattern_noise_jitter/004-003_12230.png
004-003_12230,004-003,3,color_shift_jitter,data/e05_synthetic/color_shift_jitter/004-003_12230.png
004-003_12330,004-003,2,clean,data/e05_synthetic/clean/004-003_12330.png
004-003_12330,004-003,2,pattern_noise,data/e05_synthetic/pattern_noise/004-003_12330.png
004-003_12330,004-003,2,color_shift,data/e05_synthetic/color_shift/004-003_12330.png
004-003_12330,004-003,2,pattern_noise_jitter,data/e05_synthetic/pattern_noise_jitter/004-003_12330.png
004-003_12330,004-003,2,color_shift_jitter,data/e05_synthetic/color_shift_jitter/004-003_12330.png
004-003_12407,004-003,3,clean,data/e05_synthetic/clean/004-003_12407.png
004-003_12407,004-003,3,pattern_noise,data/e05_synthetic/pattern_noise/004-003_12407.png
004-003_12407,004-003,3,color_shift,data/e05_synthetic/color_shift/004-003_12407.png
004-003_12407,004-003,3,pattern_noise_jitter,data/e05_synthetic/pattern_noise_jitter/004-003_12407.png
004-003_12407,004-003,3,color_shift_jitter,data/e05_synthetic/color_shift_jitter/004-003_12407.png
004-003_12517,004-003,1,clean,data/e05_synthetic/clean/004-003_12517.png
004-003_12517,004-003,1,pattern_noise,data/e05_synthetic/pattern_noise/004-003_12517.png
004-003_12517,004-003,1,color_shift,data/e05_synthetic/color_shift/004-003_12517.png
004-003_12517,004-003,1,pattern_noise_jitter,data/e05_synthetic/pattern_noise_jitter/004-003_12517.png
004-003_12517,004-003,1,color_shift_jitter,data/e05_synthetic/color_shift_jitter/004-003_12517.png
004-003_12670,004-003,2,clean,data/e05_synthetic/clean/004-003_12670.png
004-003_12670,004-003,2,pattern_noise,data/e05_synthetic/pattern_noise/004-003_12670.png
004-003_12670,004-003,2,color_shift,data/e05_synthetic/color_shift/004-003_12670.png
004-003_12670,004-003,2,pattern_noise_jitter,data/e05_synthetic/pattern_noise_jitter/004-003_12670.png
004-003_12670,004-003,2,color_shift_jitter,data/e05_synthetic/color_shift_jitter/004-003_12670.png
004-003_12693,004-003,2,clean,data/e05_synthetic/clean/004-003_12693.png
004-003_12693,004-003,2,pattern_noise,data/e05_synthetic/pattern_noise/004-003_12693.png
004-003_12693,004-003,2,color_shift,data/e05_synthetic/color_shift/004-003_12693.png
004-003_12693,004-003,2,pattern_noise_jitter,data/e05_synthetic/pattern_noise_jitter/004-003_12693.png
004-003_12693,004-003,2,color_shift_jitter,data/e05_synthetic/color_shift_jitter/004-003_12693.png
004-003_12700,004-003,0,clean,data/e05_synthetic/clean/004-003_12700.png
004-003_12700,004-003,0,pattern_noise,data/e05_synthetic/pattern_noise/004-003_12700.png
004-003_12700,004-003,0,color_shift,data/e05_synthetic/color_shift/004-003_12700.png
004-003_12700,004-003,0,pattern_noise_jitter,data/e05_synthetic/pattern_noise_jitter/004-003_12700.png
004-003_12700,004-003,0,color_shift_jitter,data/e05_synthetic/color_shift_jitter/004-003_12700.png
004-003_12727,004-003,3,clean,data/e05_synthetic/clean/004-003_12727.png
004-003_12727,004-003,3,pattern_noise,data/e05_synthetic/pattern_noise/004-003_12727.png
004-003_12727,004-003,3,color_shift,data/e05_synthetic/color_shift/004-003_12727.png
004-003_12727,004-003,3,pattern_noise_jitter,data/e05_synthetic/pattern_noise_jitter/004-003_12727.png
004-003_12727,004-003,3,color_shift_jitter,data/e05_synthetic/color_shift_jitter/004-003_12727.png
004-003_12752,004-003,2,clean,data/e05_synthetic/clean/004-003_12752.png
004-003_12752,004-003,2,pattern_noise,data/e05_synthetic/pattern_noise/004-003_12752.png
004-003_12752,004-003,2,color_shift,data/e05_synthetic/color_shift/004-003_12752.png
004-003_12752,004-003,2,pattern_noise_jitter,data/e05_synthetic/pattern_noise_jitter/004-003_12752.png
004-003_12752,004-003,2,color_shift_jitter,data/e05_synthetic/color_shift_jitter/004-003_12752.png
004-003_12817,004-003,3,clean,data/e05_synthetic/clean/004-003_12817.png
004-003_12817,004-003,3,pattern_noise,data/e05_synthetic/pattern_noise/004-003_12817.png
004-003_12817,004-003,3,color_shift,data/e05_synthetic/color_shift/004-003_12817.png
004-003_12817,004-003,3,pattern_noise_jitter,data/e05_synthetic/pattern_noise_jitter/004-003_12817.png
004-003_12817,004-003,3,color_shift_jitter,data/e05_synthetic/color_shift_jitter/004-003_12817.png
004-003_12848,004-003,3,clean,data/e05_synthetic/clean/004-003_12848.png
004-003_12848,004-003,3,pattern_noise,data/e05_synthetic/pattern_noise/004-003_12848.png
004-003_12848,004-003,3,color_shift,data/e05_synthetic/color_shift/004-003_12848.png
004-003_12848,004-003,3,pattern_noise_jitter,data/e05_synthetic/pattern_noise_jitter/004-003_12848.png
004-003_12848,004-003,3,color_shift_jitter,data/e05_synthetic/color_shift_jitter/004-003_12848.png
004-003_12985,004-003,2,clean,data/e05_synthetic/clean/004-003_12985.png
004-003_12985,004-003,2,pattern_noise,data/e05_synthetic/pattern_noise/004-003_12985.png
004-003_12985,004-003,2,color_shift,data/e05_synthetic/color_shift/004-003_12985.png
004-003_12985,004-003,2,pattern_noise_jitter,data/e05_synthetic/pattern_noise_jitter/004-003_12985.png
004-003_12985,004-003,2,color_shift_jitter,data/e05_synthetic/color_shift_jitter/004-003_12985.png
004-003_13243,004-003,3,clean,data/e05_synthetic/clean/004-003_13243.png
004-003_13243,004-003,3,pattern_noise,data/e05_synthetic/pattern_noise/004-003_13243.png
004-003_13243,004-003,3,color_shift,data/e05_synthetic/color_shift/004-003_13243.png
004-003_13243,004-003,3,pattern_noise_jitter,data/e05_synthetic/pattern_noise_jitter/004-003_13243.png
004-003_13243,004-003,3,color_shift_jitter,data/e05_synthetic/color_shift_jitter/004-003_13243.png
004-003_13332,004-003,2,clean,data/e05_synthetic/clean/004-003_13332.png
004-003_13332,004-003,2,pattern_noise,data/e05_synthetic/pattern_noise/004-003_13332.png
004-003_13332,004-003,2,color_shift,data/e05_synthetic/color_shift/004-003_13332.png
004-003_13332,004-003,2,pattern_noise_jitter,data/e05_synthetic/pattern_noise_jitter/004-003_13332.png
004-003_13332,004-003,2,color_shift_jitter,data/e05_synthetic/color_shift_jitter/004-003_13332.png
004-003_13480,004-003,0,clean,data/e05_synthetic/clean/004-003_13480.png
004-003_13480,004-003,0,pattern_noise,data/e05_synthetic/pattern_noise/004-003_13480.png
004-003_13480,004-003,0,color_shift,data/e05_synthetic/color_shift/004-003_13480.png
004-003_13480,004-003,0,pattern_noise_jitter,data/e05_synthetic/pattern_noise_jitter/004-003_13480.png
004-003_13480,004-003,0,color_shift_jitter,data/e05_synthetic/color_shift_jitter/004-003_13480.png
004-003_13488,004-003,3,clean,data/e05_synthetic/clean/004-003_13488.png
004-003_13488,004-003,3,pattern_noise,data/e05_synthetic/pattern_noise/004-003_13488.png
004-003_13488,004-003,3,color_shift,data/e05_synthetic/color_shift/004-003_13488.png
004-003_13488,004-003,3,pattern_noise_jitter,data/e05_synthetic/pattern_noise_jitter/004-003_13488.png
004-003_13488,004-003,3,color_shift_jitter,data/e05_synthetic/color_shift_jitter/004-003_13488.png
004-003_13533,004-003,0,clean,data/e05_synthetic/clean/004-003_13533.png
004-003_13533,004-003,0,pattern_noise,data/e05_synthetic/pattern_noise/004-003_13533.png
004-003_13533,004-003,0,color_shift,data/e05_synthetic/color_shift/004-003_13533.png
004-003_13533,004-003,0,pattern_noise_jitter,data/e05_synthetic/pattern_noise_jitter/004-003_13533.png
004-003_13533,004-003,0,color_shift_jitter,data/e05_synthetic/color_shift_jitter/004-003_13533.png
004-003_13606,004-003,0,clean,data/e05_synthetic/clean/004-003_13606.png
004-003_13606,004-003,0,pattern_noise,data/e05_synthetic/pattern_noise/004-003_13606.png
004-003_13606,004-003,0,color_shift,data/e05_synthetic/color_shift/004-003_13606.png
004-003_13606,004-003,0,pattern_noise_jitter,data/e05_synthetic/pattern_noise_jitter/004-003_13606.png
004-003_13606,004-003,0,color_shift_jitter,data/e05_synthetic/color_shift_jitter/004-003_13606.png
004-003_13649,004-003,3,clean,data/e05_synthetic/clean/004-003_13649.png
004-003_13649,004-003,3,pattern_noise,data/e05_synthetic/pattern_noise/004-003_13649.png
004-003_13649,004-003,3,color_shift,data/e05_synthetic/color_shift/004-003_13649.png
004-003_13649,004-003,3,pattern_noise_jitter,data/e05_synthetic/pattern_noise_jitter/004-003_13649.png
004-003_13649,004-003,3,color_shift_jitter,data/e05_synthetic/color_shift_jitter/004-003_13649.png
004-003_14211,004-003,2,clean,data/e05_synthetic/clean/004-003_14211.png
004-003_14211,004-003,2,pattern_noise,data/e05_synthetic/pattern_noise/004-003_14211.png
004-003_14211,004-003,2,color_shift,data/e05_synthetic/color_shift/004-003_14211.png
004-003_14211,004-003,2,pattern_noise_jitter,data/e05_synthetic/pattern_noise_jitter/004-003_14211.png
004-003_14211,004-003,2,color_shift_jitter,data/e05_synthetic/color_shift_jitter/004-003_14211.png
004-003_14258,004-003,0,clean,data/e05_synthetic/clean/004-003_14258.png
004-003_14258,004-003,0,pattern_noise,data/e05_synthetic/pattern_noise/004-003_14258.png
004-003_14258,004-003,0,color_shift,data/e05_synthetic/color_shift/004-003_14258.png
004-003_14258,004-003,0,pattern_noise_jitter,data/e05_synthetic/pattern_noise_jitter/004-003_14258.png
004-003_14258,004-003,0,color_shift_jitter,data/e05_synthetic/color_shift_jitter/004-003_14258.png
004-003_14301,004-003,0,clean,data/e05_synthetic/clean/004-003_14301.png
004-003_14301,004-003,0,pattern_noise,data/e05_synthetic/pattern_noise/004-003_14301.png
004-003_14301,004-003,0,color_shift,data/e05_synthetic/color_shift/004-003_14301.png
004-003_14301,004-003,0,pattern_noise_jitter,data/e05_synthetic/pattern_noise_jitter/004-003_14301.png
004-003_14301,004-003,0,color_shift_jitter,data/e05_synthetic/color_shift_jitter/004-003_14301.png
004-003_14329,004-003,0,clean,data/e05_synthetic/clean/004-003_14329.png
004-003_14329,004-003,0,pattern_noise,data/e05_synthetic/pattern_noise/004-003_14329.png
004-003_14329,004-003,0,color_shift,data/e05_synthetic/color_shift/004-003_14329.png
004-003_14329,004-003,0,pattern_noise_jitter,data/e05_synthetic/pattern_noise_jitter/004-003_14329.png
004-003_14329,004-003,0,color_shift_jitter,data/e05_synthetic/color_shift_jitter/004-003_14329.png
004-003_14528,004-003,2,clean,data/e05_synthetic/clean/004-003_14528.png
004-003_14528,004-003,2,pattern_noise,data/e05_synthetic/pattern_noise/004-003_14528.png
004-003_14528,004-003,2,color_shift,data/e05_synthetic/color_shift/004-003_14528.png
004-003_14528,004-003,2,pattern_noise_jitter,data/e05_synthetic/pattern_noise_jitter/004-003_14528.png
004-003_14528,004-003,2,color_shift_jitter,data/e05_synthetic/color_shift_jitter/004-003_14528.png
004-003_14549,004-003,3,clean,data/e05_synthetic/clean/004-003_14549.png
004-003_14549,004-003,3,pattern_noise,data/e05_synthetic/pattern_noise/004-003_14549.png
004-003_14549,004-003,3,color_shift,data/e05_synthetic/color_shift/004-003_14549.png
004-003_14549,004-003,3,pattern_noise_jitter,data/e05_synthetic/pattern_noise_jitter/004-003_14549.png
004-003_14549,004-003,3,color_shift_jitter,data/e05_synthetic/color_shift_jitter/004-003_14549.png
004-003_14777,004-003,2,clean,data/e05_synthetic/clean/004-003_14777.png
004-003_14777,004-003,2,pattern_noise,data/e05_synthetic/pattern_noise/004-003_14777.png
004-003_14777,004-003,2,color_shift,data/e05_synthetic/color_shift/004-003_14777.png
004-003_14777,004-003,2,pattern_noise_jitter,data/e05_synthetic/pattern_noise_jitter/004-003_14777.png
004-003_14777,004-003,2,color_shift_jitter,data/e05_synthetic/color_shift_jitter/004-003_14777.png
004-003_14831,004-003,3,clean,data/e05_synthetic/clean/004-003_14831.png
004-003_14831,004-003,3,pattern_noise,data/e05_synthetic/pattern_noise/004-003_14831.png
004-003_14831,004-003,3,color_shift,data/e05_synthetic/color_shift/004-003_14831.png
004-003_14831,004-003,3,pattern_noise_jitter,data/e05_synthetic/pattern_noise_jitter/004-003_14831.png
004-003_14831,004-003,3,color_shift_jitter,data/e05_synthetic/color_shift_jitter/004-003_14831.png
004-003_15108,004-003,3,clean,data/e05_synthetic/clean/004-003_15108.png
004-003_15108,004-003,3,pattern_noise,data/e05_synthetic/pattern_noise/004-003_15108.png
004-003_15108,004-003,3,color_shift,data/e05_synthetic/color_shift/004-003_15108.png
004-003_15108,004-003,3,pattern_noise_jitter,data/e05_synthetic/pattern_noise_jitter/004-003_15108.png
004-003_15108,004-003,3,color_shift_jitter,data/e05_synthetic/color_shift_jitter/004-003_15108.png
004-003_15165,004-003,2,clean,data/e05_synthetic/clean/004-003_15165.png
004-003_15165,004-003,2,pattern_noise,data/e05_synthetic/pattern_noise/004-003_15165.png
004-003_15165,004-003,2,color_shift,data/e05_synthetic/color_shift/004-003_15165.png
004-003_15165,004-003,2,pattern_noise_jitter,data/e05_synthetic/pattern_noise_jitter/004-003_15165.png
004-003_15165,004-003,2,color_shift_jitter,data/e05_synthetic/color_shift_jitter/004-003_15165.png
004-003_15195,004-003,3,clean,data/e05_synthetic/clean/004-003_15195.png
004-003_15195,004-003,3,pattern_noise,data/e05_synthetic/pattern_noise/004-003_15195.png
004-003_15195,004-003,3,color_shift,data/e05_synthetic/color_shift/004-003_15195.png
004-003_15195,004-003,3,pattern_noise_jitter,data/e05_synthetic/pattern_noise_jitter/004-003_15195.png
004-003_15195,004-003,3,color_shift_jitter,data/e05_synthetic/color_shift_jitter/004-003_15195.png
004-003_15303,004-003,1,clean,data/e05_synthetic/clean/004-003_15303.png
004-003_15303,004-003,1,pattern_noise,data/e05_synthetic/pattern_noise/004-003_15303.png
004-003_15303,004-003,1,color_shift,data/e05_synthetic/color_shift/004-003_15303.png
004-003_15303,004-003,1,pattern_noise_jitter,data/e05_synthetic/pattern_noise_jitter/004-003_15303.png
004-003_15303,004-003,1,color_shift_jitter,data/e05_synthetic/color_shift_jitter/004-003_15303.png
004-003_15441,004-003,3,clean,data/e05_synthetic/clean/004-003_15441.png
004-003_15441,004-003,3,pattern_noise,data/e05_synthetic/pattern_noise/004-003_15441.png
004-003_15441,004-003,3,color_shift,data/e05_synthetic/color_shift/004-003_15441.png
004-003_15441,004-003,3,pattern_noise_jitter,data/e05_synthetic/pattern_noise_jitter/004-003_15441.png
004-003_15441,004-003,3,color_shift_jitter,data/e05_synthetic/color_shift_jitter/004-003_15441.png
004-003_15459,004-003,2,clean,data/e05_synthetic/clean/004-003_15459.png
004-003_15459,004-003,2,pattern_noise,data/e05_synthetic/pattern_noise/004-003_15459.png
004-003_15459,004-003,2,color_shift,data/e05_synthetic/color_shift/004-003_15459.png
004-003_15459,004-003,2,pattern_noise_jitter,data/e05_synthetic/pattern_noise_jitter/004-003_15459.png
004-003_15459,004-003,2,color_shift_jitter,data/e05_synthetic/color_shift_jitter/004-003_15459.png
004-003_15466,004-003,1,clean,data/e05_synthetic/clean/004-003_15466.png
004-003_15466,004-003,1,pattern_noise,data/e05_synthetic/pattern_noise/004-003_15466.png
004-003_15466,004-003,1,color_shift,data/e05_synthetic/color_shift/004-003_15466.png
004-003_15466,004-003,1,pattern_noise_jitter,data/e05_synthetic/pattern_noise_jitter/004-003_15466.png
004-003_15466,004-003,1,color_shift_jitter,data/e05_synthetic/color_shift_jitter/004-003_15466.png
004-003_15816,004-003,3,clean,data/e05_synthetic/clean/004-003_15816.png
004-003_15816,004-003,3,pattern_noise,data/e05_synthetic/pattern_noise/004-003_15816.png
004-003_15816,004-003,3,color_shift,data/e05_synthetic/color_shift/004-003_15816.png
004-003_15816,004-003,3,pattern_noise_jitter,data/e05_synthetic/pattern_noise_jitter/004-003_15816.png
004-003_15816,004-003,3,color_shift_jitter,data/e05_synthetic/color_shift_jitter/004-003_15816.png
004-003_15911,004-003,2,clean,data/e05_synthetic/clean/004-003_15911.png
004-003_15911,004-003,2,pattern_noise,data/e05_synthetic/pattern_noise/004-003_15911.png
004-003_15911,004-003,2,color_shift,data/e05_synthetic/color_shift/004-003_15911.png
004-003_15911,004-003,2,pattern_noise_jitter,data/e05_synthetic/pattern_noise_jitter/004-003_15911.png
004-003_15911,004-003,2,color_shift_jitter,data/e05_synthetic/color_shift_jitter/004-003_15911.png
004-003_15955,004-003,1,clean,data/e05_synthetic/clean/004-003_15955.png
004-003_15955,004-003,1,pattern_noise,data/e05_synthetic/pattern_noise/004-003_15955.png
004-003_15955,004-003,1,color_shift,data/e05_synthetic/color_shift/004-003_15955.png
004-003_15955,004-003,1,pattern_noise_jitter,data/e05_synthetic/pattern_noise_jitter/004-003_15955.png
004-003_15955,004-003,1,color_shift_jitter,data/e05_synthetic/color_shift_jitter/004-003_15955.png
004-003_15968,004-003,0,clean,data/e05_synthetic/clean/004-003_15968.png
004-003_15968,004-003,0,pattern_noise,data/e05_synthetic/pattern_noise/004-003_15968.png
004-003_15968,004-003,0,color_shift,data/e05_synthetic/color_shift/004-003_15968.png
004-003_15968,004-003,0,pattern_noise_jitter,data/e05_synthetic/pattern_noise_jitter/004-003_15968.png
004-003_15968,004-003,0,color_shift_jitter,data/e05_synthetic/color_shift_jitter/004-003_15968.png
004-003_16137,004-003,1,clean,data/e05_synthetic/clean/004-003_16137.png
004-003_16137,004-003,1,pattern_noise,data/e05_synthetic/pattern_noise/004-003_16137.png
004-003_16137,004-003,1,color_shift,data/e05_synthetic/color_shift/004-003_16137.png
004-003_16137,004-003,1,pattern_noise_jitter,data/e05_synthetic/pattern_noise_jitter/004-003_16137.png
004-003_16137,004-003,1,color_shift_jitter,data/e05_synthetic/color_shift_jitter/004-003_16137.png
004-003_16168,004-003,2,clean,data/e05_synthetic/clean/004-003_16168.png
004-003_16168,004-003,2,pattern_noise,data/e05_synthetic/pattern_noise/004-003_16168.png
004-003_16168,004-003,2,color_shift,data/e05_synthetic/color_shift/004-003_16168.png
004-003_16168,004-003,2,pattern_noise_jitter,data/e05_synthetic/pattern_noise_jitter/004-003_16168.png
004-003_16168,004-003,2,color_shift_jitter,data/e05_synthetic/color_shift_jitter/004-003_16168.png
004-003_16280,004-003,3,clean,data/e05_synthetic/clean/004-003_16280.png
004-003_16280,004-003,3,pattern_noise,data/e05_synthetic/pattern_noise/004-003_16280.png
004-003_16280,004-003,3,color_shift,data/e05_synthetic/color_shift/004-003_16280.png
004-003_16280,004-003,3,pattern_noise_jitter,data/e05_synthetic/pattern_noise_jitter/004-003_16280.png
004-003_16280,004-003,3,color_shift_jitter,data/e05_synthetic/color_shift_jitter/004-003_16280.png
004-003_16379,004-003,3,clean,data/e05_synthetic/clean/004-003_16379.png
004-003_16379,004-003,3,pattern_noise,data/e05_synthetic/pattern_noise/004-003_16379.png
004-003_16379,004-003,3,color_shift,data/e05_synthetic/color_shift/004-003_16379.png
004-003_16379,004-003,3,pattern_noise_jitter,data/e05_synthetic/pattern_noise_jitter/004-003_16379.png
004-003_16379,004-003,3,color_shift_jitter,data/e05_synthetic/color_shift_jitter/004-003_16379.png
004-003_16393,004-003,3,clean,data/e05_synthetic/clean/004-003_16393.png
004-003_16393,004-003,3,pattern_noise,data/e05_synthetic/pattern_noise/004-003_16393.png
004-003_16393,004-003,3,color_shift,data/e05_synthetic/color_shift/004-003_16393.png
004-003_16393,004-003,3,pattern_noise_jitter,data/e05_synthetic/pattern_noise_jitter/004-003_16393.png
004-003_16393,004-003,3,color_shift_jitter,data/e05_synthetic/color_shift_jitter/004-003_16393.png
004-003_16442,004-003,2,clean,data/e05_synthetic/clean/004-003_16442.png
004-003_16442,004-003,2,pattern_noise,data/e05_synthetic/pattern_noise/004-003_16442.png
004-003_16442,004-003,2,color_shift,data/e05_synthetic/color_shift/004-003_16442.png
004-003_16442,004-003,2,pattern_noise_jitter,data/e05_synthetic/pattern_noise_jitter/004-003_16442.png
004-003_16442,004-003,2,color_shift_jitter,data/e05_synthetic/color_shift_jitter/004-003_16442.png
004-003_16527,004-003,0,clean,data/e05_synthetic/clean/004-003_16527.png
004-003_16527,004-003,0,pattern_noise,data/e05_synthetic/pattern_noise/004-003_16527.png
004-003_16527,004-003,0,color_shift,data/e05_synthetic/color_shift/004-003_16527.png
004-003_16527,004-003,0,pattern_noise_jitter,data/e05_synthetic/pattern_noise_jitter/004-003_16527.png
004-003_16527,004-003,0,color_shift_jitter,data/e05_synthetic/color_shift_jitter/004-003_16527.png
004-003_16608,004-003,1,clean,data/e05_synthetic/clean/004-003_16608.png
004-003_16608,004-003,1,pattern_noise,data/e05_synthetic/pattern_noise/004-003_16608.png
004-003_16608,004-003,1,color_shift,data/e05_synthetic/color_shift/004-003_16608.png
004-003_16608,004-003,1,pattern_noise_jitter,data/e05_synthetic/pattern_noise_jitter/004-003_16608.png
004-003_16608,004-003,1,color_shift_jitter,data/e05_synthetic/color_shift_jitter/004-003_16608.png
004-003_16650,004-003,0,clean,data/e05_synthetic/clean/004-003_16650.png
004-003_16650,004-003,0,pattern_noise,data/e05_synthetic/pattern_noise/004-003_16650.png
004-003_16650,004-003,0,color_shift,data/e05_synthetic/color_shift/004-003_16650.png
004-003_16650,004-003,0,pattern_noise_jitter,data/e05_synthetic/pattern_noise_jitter/004-003_16650.png
004-003_16650,004-003,0,color_shift_jitter,data/e05_synthetic/color_shift_jitter/004-003_16650.png
004-003_16657,004-003,1,clean,data/e05_synthetic/clean/004-003_16657.png
004-003_16657,004-003,1,pattern_noise,data/e05_synthetic/pattern_noise/004-003_16657.png
004-003_16657,004-003,1,color_shift,data/e05_synthetic/color_shift/004-003_16657.png
004-003_16657,004-003,1,pattern_noise_jitter,data/e05_synthetic/pattern_noise_jitter/004-003_16657.png
004-003_16657,004-003,1,color_shift_jitter,data/e05_synthetic/color_shift_jitter/004-003_16657.png
004-003_16995,004-003,1,clean,data/e05_synthetic/clean/004-003_16995.png
004-003_16995,004-003,1,pattern_noise,data/e05_synthetic/pattern_noise/004-003_16995.png
004-003_16995,004-003,1,color_shift,data/e05_synthetic/color_shift/004-003_16995.png
004-003_16995,004-003,1,pattern_noise_jitter,data/e05_synthetic/pattern_noise_jitter/004-003_16995.png
004-003_16995,004-003,1,color_shift_jitter,data/e05_synthetic/color_shift_jitter/004-003_16995.png
004-003_17065,004-003,1,clean,data/e05_synthetic/clean/004-003_17065.png
004-003_17065,004-003,1,pattern_noise,data/e05_synthetic/pattern_noise/004-003_17065.png
004-003_17065,004-003,1,color_shift,data/e05_synthetic/color_shift/004-003_17065.png
004-003_17065,004-003,1,pattern_noise_jitter,data/e05_synthetic/pattern_noise_jitter/004-003_17065.png
004-003_17065,004-003,1,color_shift_jitter,data/e05_synthetic/color_shift_jitter/004-003_17065.png
004-003_17505,004-003,0,clean,data/e05_synthetic/clean/004-003_17505.png
004-003_17505,004-003,0,pattern_noise,data/e05_synthetic/pattern_noise/004-003_17505.png
004-003_17505,004-003,0,color_shift,data/e05_synthetic/color_shift/004-003_17505.png
004-003_17505,004-003,0,pattern_noise_jitter,data/e05_synthetic/pattern_noise_jitter/004-003_17505.png
004-003_17505,004-003,0,color_shift_jitter,data/e05_synthetic/color_shift_jitter/004-003_17505.png
004-003_17510,004-003,1,clean,data/e05_synthetic/clean/004-003_17510.png
004-003_17510,004-003,1,pattern_noise,data/e05_synthetic/pattern_noise/004-003_17510.png
004-003_17510,004-003,1,color_shift,data/e05_synthetic/color_shift/004-003_17510.png
004-003_17510,004-003,1,pattern_noise_jitter,data/e05_synthetic/pattern_noise_jitter/004-003_17510.png
004-003_17510,004-003,1,color_shift_jitter,data/e05_synthetic/color_shift_jitter/004-003_17510.png
004-003_17733,004-003,2,clean,data/e05_synthetic/clean/004-003_17733.png
004-003_17733,004-003,2,pattern_noise,data/e05_synthetic/pattern_noise/004-003_17733.png
004-003_17733,004-003,2,color_shift,data/e05_synthetic/color_shift/004-003_17733.png
004-003_17733,004-003,2,pattern_noise_jitter,data/e05_synthetic/pattern_noise_jitter/004-003_17733.png
004-003_17733,004-003,2,color_shift_jitter,data/e05_synthetic/color_shift_jitter/004-003_17733.png
004-003_17833,004-003,0,clean,data/e05_synthetic/clean/004-003_17833.png
004-003_17833,004-003,0,pattern_noise,data/e05_synthetic/pattern_noise/004-003_17833.png
004-003_17833,004-003,0,color_shift,data/e05_synthetic/color_shift/004-003_17833.png
004-003_17833,004-003,0,pattern_noise_jitter,data/e05_synthetic/pattern_noise_jitter/004-003_17833.png
004-003_17833,004-003,0,color_shift_jitter,data/e05_synthetic/color_shift_jitter/004-003_17833.png
004-003_18089,004-003,3,clean,data/e05_synthetic/clean/004-003_18089.png
004-003_18089,004-003,3,pattern_noise,data/e05_synthetic/pattern_noise/004-003_18089.png
004-003_18089,004-003,3,color_shift,data/e05_synthetic/color_shift/004-003_18089.png
004-003_18089,004-003,3,pattern_noise_jitter,data/e05_synthetic/pattern_noise_jitter/004-003_18089.png
004-003_18089,004-003,3,color_shift_jitter,data/e05_synthetic/color_shift_jitter/004-003_18089.png
004-003_18312,004-003,0,clean,data/e05_synthetic/clean/004-003_18312.png
004-003_18312,004-003,0,pattern_noise,data/e05_synthetic/pattern_noise/004-003_18312.png
004-003_18312,004-003,0,color_shift,data/e05_synthetic/color_shift/004-003_18312.png
004-003_18312,004-003,0,pattern_noise_jitter,data/e05_synthetic/pattern_noise_jitter/004-003_18312.png
004-003_18312,004-003,0,color_shift_jitter,data/e05_synthetic/color_shift_jitter/004-003_18312.png
004-003_18452,004-003,0,clean,data/e05_synthetic/clean/004-003_18452.png
004-003_18452,004-003,0,pattern_noise,data/e05_synthetic/pattern_noise/004-003_18452.png
004-003_18452,004-003,0,color_shift,data/e05_synthetic/color_shift/004-003_18452.png
004-003_18452,004-003,0,pattern_noise_jitter,data/e05_synthetic/pattern_noise_jitter/004-003_18452.png
004-003_18452,004-003,0,color_shift_jitter,data/e05_synthetic/color_shift_jitter/004-003_18452.png
004-003_18489,004-003,1,clean,data/e05_synthetic/clean/004-003_18489.png
004-003_18489,004-003,1,pattern_noise,data/e05_synthetic/pattern_noise/004-003_18489.png
004-003_18489,004-003,1,color_shift,data/e05_synthetic/color_shift/004-003_18489.png
004-003_18489,004-003,1,pattern_noise_jitter,data/e05_synthetic/pattern_noise_jitter/004-003_18489.png
004-003_18489,004-003,1,color_shift_jitter,data/e05_synthetic/color_shift_jitter/004-003_18489.png
004-003_18538,004-003,0,clean,data/e05_synthetic/clean/004-003_18538.png
004-003_18538,004-003,0,pattern_noise,data/e05_synthetic/pattern_noise/004-003_18538.png
004-003_18538,004-003,0,color_shift,data/e05_synthetic/color_shift/004-003_18538.png
004-003_18538,004-003,0,pattern_noise_jitter,data/e05_synthetic/pattern_noise_jitter/004-003_18538.png
004-003_18538,004-003,0,color_shift_jitter,data/e05_synthetic/color_shift_jitter/004-003_18538.png
004-003_18934,004-003,0,clean,data/e05_synthetic/clean/004-003_18934.png
004-003_18934,004-003,0,pattern_noise,data/e05_synthetic/pattern_noise/004-003_18934.png
004-003_18934,004-003,0,color_shift,data/e05_synthetic/color_shift/004-003_18934.png
004-003_18934,004-003,0,pattern_noise_jitter,data/e05_synthetic/pattern_noise_jitter/004-003_18934.png
004-003_18934,004-003,0,color_shift_jitter,data/e05_synthetic/color_shift_jitter/004-003_18934.png
004-003_19006,004-003,3,clean,data/e05_synthetic/clean/004-003_19006.png
004-003_19006,004-003,3,pattern_noise,data/e05_synthetic/pattern_noise/004-003_19006.png
004-003_19006,004-003,3,color_shift,data/e05_synthetic/color_shift/004-003_19006.png
004-003_19006,004-003,3,pattern_noise_jitter,data/e05_synthetic/pattern_noise_jitter/004-003_19006.png
004-003_19006,004-003,3,color_shift_jitter,data/e05_synthetic/color_shift_jitter/004-003_19006.png
004-003_19007,004-003,3,clean,data/e05_synthetic/clean/004-003_19007.png
004-003_19007,004-003,3,pattern_noise,data/e05_synthetic/pattern_noise/004-003_19007.png
004-003_19007,004-003,3,color_shift,data/e05_synthetic/color_shift/004-003_19007.png
004-003_19007,004-003,3,pattern_noise_jitter,data/e05_synthetic/pattern_noise_jitter/004-003_19007.png
004-003_19007,004-003,3,color_shift_jitter,data/e05_synthetic/color_shift_jitter/004-003_19007.png
004-003_19014,004-003,1,clean,data/e05_synthetic/clean/004-003_19014.png
004-003_19014,004-003,1,pattern_noise,data/e05_synthetic/pattern_noise/004-003_19014.png
004-003_19014,004-003,1,color_shift,data/e05_synthetic/color_shift/004-003_19014.png
004-003_19014,004-003,1,pattern_noise_jitter,data/e05_synthetic/pattern_noise_jitter/004-003_19014.png
004-003_19014,004-003,1,color_shift_jitter,data/e05_synthetic/color_shift_jitter/004-003_19014.png
004-003_19160,004-003,0,clean,data/e05_synthetic/clean/004-003_19160.png
004-003_19160,004-003,0,pattern_noise,data/e05_synthetic/pattern_noise/004-003_19160.png
004-003_19160,004-003,0,color_shift,data/e05_synthetic/color_shift/004-003_19160.png
004-003_19160,004-003,0,pattern_noise_jitter,data/e05_synthetic/pattern_noise_jitter/004-003_19160.png
004-003_19160,004-003,0,color_shift_jitter,data/e05_synthetic/color_shift_jitter/004-003_19160.png
004-003_19215,004-003,1,clean,data/e05_synthetic/clean/004-003_19215.png
004-003_19215,004-003,1,pattern_noise,data/e05_synthetic/pattern_noise/004-003_19215.png
004-003_19215,004-003,1,color_shift,data/e05_synthetic/color_shift/004-003_19215.png
004-003_19215,004-003,1,pattern_noise_jitter,data/e05_synthetic/pattern_noise_jitter/004-003_19215.png
004-003_19215,004-003,1,color_shift_jitter,data/e05_synthetic/color_shift_jitter/004-003_19215.png
004-003_19285,004-003,0,clean,data/e05_synthetic/clean/004-003_19285.png
004-003_19285,004-003,0,pattern_noise,data/e05_synthetic/pattern_noise/004-003_19285.png
004-003_19285,004-003,0,color_shift,data/e05_synthetic/color_shift/004-003_19285.png
004-003_19285,004-003,0,pattern_noise_jitter,data/e05_synthetic/pattern_noise_jitter/004-003_19285.png
004-003_19285,004-003,0,color_shift_jitter,data/e05_synthetic/color_shift_jitter/004-003_19285.png
004-003_19467,004-003,2,clean,data/e05_synthetic/clean/004-003_19467.png
004-003_19467,004-003,2,pattern_noise,data/e05_synthetic/pattern_noise/004-003_19467.png
004-003_19467,004-003,2,color_shift,data/e05_synthetic/color_shift/004-003_19467.png
004-003_19467,004-003,2,pattern_noise_jitter,data/e05_synthetic/pattern_noise_jitter/004-003_19467.png
004-003_19467,004-003,2,color_shift_jitter,data/e05_synthetic/color_shift_jitter/004-003_19467.png
004-003_19521,004-003,0,clean,data/e05_synthetic/clean/004-003_19521.png
004-003_19521,004-003,0,pattern_noise,data/e05_synthetic/pattern_noise/004-003_19521.png
004-003_19521,004-003,0,color_shift,data/e05_synthetic/color_shift/004-003_19521.png
004-003_19521,004-003,0,pattern_noise_jitter,data/e05_synthetic/pattern_noise_jitter/004-003_19521.png
004-003_19521,004-003,0,color_shift_jitter,data/e05_synthetic/color_shift_jitter/004-003_19521.png
004-003_19575,004-003,2,clean,data/e05_synthetic/clean/004-003_19575.png
004-003_19575,004-003,2,pattern_noise,data/e05_synthetic/pattern_noise/004-003_19575.png
004-003_19575,004-003,2,color_shift,data/e05_synthetic/color_shift/004-003_19575.png
004-003_19575,004-003,2,pattern_noise_jitter,data/e05_synthetic/pattern_noise_jitter/004-003_19575.png
004-003_19575,004-003,2,color_shift_jitter,data/e05_synthetic/color_shift_jitter/004-003_19575.png
004-003_19740,004-003,2,clean,data/e05_synthetic/clean/004-003_19740.png
004-003_19740,004-003,2,pattern_noise,data/e05_synthetic/pattern_noise/004-003_19740.png
004-003_19740,004-003,2,color_shift,data/e05_synthetic/color_shift/004-003_19740.png
004-003_19740,004-003,2,pattern_noise_jitter,data/e05_synthetic/pattern_noise_jitter/004-003_19740.png
004-003_19740,004-003,2,color_shift_jitter,data/e05_synthetic/color_shift_jitter/004-003_19740.png
004-003_19924,004-003,2,clean,data/e05_synthetic/clean/004-003_19924.png
004-003_19924,004-003,2,pattern_noise,data/e05_synthetic/pattern_noise/004-003_19924.png
004-003_19924,004-003,2,color_shift,data/e05_synthetic/color_shift/004-003_19924.png
004-003_19924,004-003,2,pattern_noise_jitter,data/e05_synthetic/pattern_noise_jitter/004-003_19924.png
004-003_19924,004-003,2,color_shift_jitter,data/e05_synthetic/color_shift_jitter/004-003_19924.png
004-003_20051,004-003,1,clean,data/e05_synthetic/clean/004-003_20051.png
004-003_20051,004-003,1,pattern_noise,data/e05_synthetic/pattern_noise/004-003_20051.png
004-003_20051,004-003,1,color_shift,data/e05_synthetic/color_shift/004-003_20051.png
004-003_20051,004-003,1,pattern_noise_jitter,data/e05_synthetic/pattern_noise_jitter/004-003_20051.png
004-003_20051,004-003,1,color_shift_jitter,data/e05_synthetic/color_shift_jitter/004-003_20051.png
004-003_20095,004-003,0,clean,data/e05_synthetic/clean/004-003_20095.png
004-003_20095,004-003,0,pattern_noise,data/e05_synthetic/pattern_noise/004-003_20095.png
004-003_20095,004-003,0,color_shift,data/e05_synthetic/color_shift/004-003_20095.png
004-003_20095,004-003,0,pattern_noise_jitter,data/e05_synthetic/pattern_noise_jitter/004-003_20095.png
004-003_20095,004-003,0,color_shift_jitter,data/e05_synthetic/color_shift_jitter/004-003_20095.png
004-003_20164,004-003,2,clean,data/e05_synthetic/clean/004-003_20164.png
004-003_20164,004-003,2,pattern_noise,data/e05_synthetic/pattern_noise/004-003_20164.png
004-003_20164,004-003,2,color_shift,data/e05_synthetic/color_shift/004-003_20164.png
004-003_20164,004-003,2,pattern_noise_jitter,data/e05_synthetic/pattern_noise_jitter/004-003_20164.png
004-003_20164,004-003,2,color_shift_jitter,data/e05_synthetic/color_shift_jitter/004-003_20164.png
004-003_20168,004-003,1,clean,data/e05_synthetic/clean/004-003_20168.png
004-003_20168,004-003,1,pattern_noise,data/e05_synthetic/pattern_noise/004-003_20168.png
004-003_20168,004-003,1,color_shift,data/e05_synthetic/color_shift/004-003_20168.png
004-003_20168,004-003,1,pattern_noise_jitter,data/e05_synthetic/pattern_noise_jitter/004-003_20168.png
004-003_20168,004-003,1,color_shift_jitter,data/e05_synthetic/color_shift_jitter/004-003_20168.png
004-003_20188,004-003,0,clean,data/e05_synthetic/clean/004-003_20188.png
004-003_20188,004-003,0,pattern_noise,data/e05_synthetic/pattern_noise/004-003_20188.png
004-003_20188,004-003,0,color_shift,data/e05_synthetic/color_shift/004-003_20188.png
004-003_20188,004-003,0,pattern_noise_jitter,data/e05_synthetic/pattern_noise_jitter/004-003_20188.png
004-003_20188,004-003,0,color_shift_jitter,data/e05_synthetic/color_shift_jitter/004-003_20188.png
004-003_20230,004-003,3,clean,data/e05_synthetic/clean/004-003_20230.png
004-003_20230,004-003,3,pattern_noise,data/e05_synthetic/pattern_noise/004-003_20230.png
004-003_20230,004-003,3,color_shift,data/e05_synthetic/color_shift/004-003_20230.png
004-003_20230,004-003,3,pattern_noise_jitter,data/e05_synthetic/pattern_noise_jitter/004-003_20230.png
004-003_20230,004-003,3,color_shift_jitter,data/e05_synthetic/color_shift_jitter/004-003_20230.png
004-003_20251,004-003,1,clean,data/e05_synthetic/clean/004-003_20251.png
004-003_20251,004-003,1,pattern_noise,data/e05_synthetic/pattern_noise/004-003_20251.png
004-003_20251,004-003,1,color_shift,data/e05_synthetic/color_shift/004-003_20251.png
004-003_20251,004-003,1,pattern_noise_jitter,data/e05_synthetic/pattern_noise_jitter/004-003_20251.png
004-003_20251,004-003,1,color_shift_jitter,data/e05_synthetic/color_shift_jitter/004-003_20251.png
004-003_20370,004-003,0,clean,data/e05_synthetic/clean/004-003_20370.png
004-003_20370,004-003,0,pattern_noise,data/e05_synthetic/pattern_noise/004-003_20370.png
004-003_20370,004-003,0,color_shift,data/e05_synthetic/color_shift/004-003_20370.png
004-003_20370,004-003,0,pattern_noise_jitter,data/e05_synthetic/pattern_noise_jitter/004-003_20370.png
004-003_20370,004-003,0,color_shift_jitter,data/e05_synthetic/color_shift_jitter/004-003_20370.png
004-003_20497,004-003,3,clean,data/e05_synthetic/clean/004-003_20497.png
004-003_20497,004-003,3,pattern_noise,data/e05_synthetic/pattern_noise/004-003_20497.png
004-003_20497,004-003,3,color_shift,data/e05_synthetic/color_shift/004-003_20497.png
004-003_20497,004-003,3,pattern_noise_jitter,data/e05_synthetic/pattern_noise_jitter/004-003_20497.png
004-003_20497,004-003,3,color_shift_jitter,data/e05_synthetic/color_shift_jitter/004-003_20497.png
004-003_20630,004-003,1,clean,data/e05_synthetic/clean/004-003_20630.png
004-003_20630,004-003,1,pattern_noise,data/e05_synthetic/pattern_noise/004-003_20630.png
004-003_20630,004-003,1,color_shift,data/e05_synthetic/color_shift/004-003_20630.png
004-003_20630,004-003,1,pattern_noise_jitter,data/e05_synthetic/pattern_noise_jitter/004-003_20630.png
004-003_20630,004-003,1,color_shift_jitter,data/e05_synthetic/color_shift_jitter/004-003_20630.png
004-003_20757,004-003,2,clean,data/e05_synthetic/clean/004-003_20757.png
004-003_20757,004-003,2,pattern_noise,data/e05_synthetic/pattern_noise/004-003_20757.png
004-003_20757,004-003,2,color_shift,data/e05_synthetic/color_shift/004-003_20757.png
004-003_20757,004-003,2,pattern_noise_jitter,data/e05_synthetic/pattern_noise_jitter/004-003_20757.png
004-003_20757,004-003,2,color_shift_jitter,data/e05_synthetic/color_shift_jitter/004-003_20757.png
004-003_20826,004-003,3,clean,data/e05_synthetic/clean/004-003_20826.png
004-003_20826,004-003,3,pattern_noise,data/e05_synthetic/pattern_noise/004-003_20826.png
004-003_20826,004-003,3,color_shift,data/e05_synthetic/color_shift/004-003_20826.png
004-003_20826,004-003,3,pattern_noise_jitter,data/e05_synthetic/pattern_noise_jitter/004-003_20826.png
004-003_20826,004-003,3,color_shift_jitter,data/e05_synthetic/color_shift_jitter/004-003_20826.png
004-003_20968,004-003,3,clean,data/e05_synthetic/clean/004-003_20968.png
004-003_20968,004-003,3,pattern_noise,data/e05_synthetic/pattern_noise/004-003_20968.png
004-003_20968,004-003,3,color_shift,data/e05_synthetic/color_shift/004-003_20968.png
004-003_20968,004-003,3,pattern_noise_jitter,data/e05_synthetic/pattern_noise_jitter/004-003_20968.png
004-003_20968,004-003,3,color_shift_jitter,data/e05_synthetic/color_shift_jitter/004-003_20968.png
004-003_21060,004-003,0,clean,data/e05_synthetic/clean/004-003_21060.png
004-003_21060,004-003,0,pattern_noise,data/e05_synthetic/pattern_noise/004-003_21060.png
004-003_21060,004-003,0,color_shift,data/e05_synthetic/color_shift/004-003_21060.png
004-003_21060,004-003,0,pattern_noise_jitter,data/e05_synthetic/pattern_noise_jitter/004-003_21060.png
004-003_21060,004-003,0,color_shift_jitter,data/e05_synthetic/color_shift_jitter/004-003_21060.png
004-003_21081,004-003,1,clean,data/e05_synthetic/clean/004-003_21081.png
004-003_21081,004-003,1,pattern_noise,data/e05_synthetic/pattern_noise/004-003_21081.png
004-003_21081,004-003,1,color_shift,data/e05_synthetic/color_shift/004-003_21081.png
004-003_21081,004-003,1,pattern_noise_jitter,data/e05_synthetic/pattern_noise_jitter/004-003_21081.png
004-003_21081,004-003,1,color_shift_jitter,data/e05_synthetic/color_shift_jitter/004-003_21081.png
004-003_21207,004-003,2,clean,data/e05_synthetic/clean/004-003_21207.png
004-003_21207,004-003,2,pattern_noise,data/e05_synthetic/pattern_noise/004-003_21207.png
004-003_21207,004-003,2,color_shift,data/e05_synthetic/color_shift/004-003_21207.png
004-003_21207,004-003,2,pattern_noise_jitter,data/e05_synthetic/pattern_noise_jitter/004-003_21207.png
004-003_21207,004-003,2,color_shift_jitter,data/e05_synthetic/color_shift_jitter/004-003_21207.png
004-003_21224,004-003,2,clean,data/e05_synthetic/clean/004-003_21224.png
004-003_21224,004-003,2,pattern_noise,data/e05_synthetic/pattern_noise/004-003_21224.png
004-003_21224,004-003,2,color_shift,data/e05_synthetic/color_shift/004-003_21224.png
004-003_21224,004-003,2,pattern_noise_jitter,data/e05_synthetic/pattern_noise_jitter/004-003_21224.png
004-003_21224,004-003,2,color_shift_jitter,data/e05_synthetic/color_shift_jitter/004-003_21224.png
004-003_21238,004-003,1,clean,data/e05_synthetic/clean/004-003_21238.png
004-003_21238,004-003,1,pattern_noise,data/e05_synthetic/pattern_noise/004-003_21238.png
004-003_21238,004-003,1,color_shift,data/e05_synthetic/color_shift/004-003_21238.png
004-003_21238,004-003,1,pattern_noise_jitter,data/e05_synthetic/pattern_noise_jitter/004-003_21238.png
004-003_21238,004-003,1,color_shift_jitter,data/e05_synthetic/color_shift_jitter/004-003_21238.png
004-003_21330,004-003,2,clean,data/e05_synthetic/clean/004-003_21330.png
004-003_21330,004-003,2,pattern_noise,data/e05_synthetic/pattern_noise/004-003_21330.png
004-003_21330,004-003,2,color_shift,data/e05_synthetic/color_shift/004-003_21330.png
004-003_21330,004-003,2,pattern_noise_jitter,data/e05_synthetic/pattern_noise_jitter/004-003_21330.png
004-003_21330,004-003,2,color_shift_jitter,data/e05_synthetic/color_shift_jitter/004-003_21330.png
004-003_21443,004-003,3,clean,data/e05_synthetic/clean/004-003_21443.png
004-003_21443,004-003,3,pattern_noise,data/e05_synthetic/pattern_noise/004-003_21443.png
004-003_21443,004-003,3,color_shift,data/e05_synthetic/color_shift/004-003_21443.png
004-003_21443,004-003,3,pattern_noise_jitter,data/e05_synthetic/pattern_noise_jitter/004-003_21443.png
004-003_21443,004-003,3,color_shift_jitter,data/e05_synthetic/color_shift_jitter/004-003_21443.png
004-003_21691,004-003,1,clean,data/e05_synthetic/clean/004-003_21691.png
004-003_21691,004-003,1,pattern_noise,data/e05_synthetic/pattern_noise/004-003_21691.png
004-003_21691,004-003,1,color_shift,data/e05_synthetic/color_shift/004-003_21691.png
004-003_21691,004-003,1,pattern_noise_jitter,data/e05_synthetic/pattern_noise_jitter/004-003_21691.png
004-003_21691,004-003,1,color_shift_jitter,data/e05_synthetic/color_shift_jitter/004-003_21691.png
004-003_21957,004-003,1,clean,data/e05_synthetic/clean/004-003_21957.png
004-003_21957,004-003,1,pattern_noise,data/e05_synthetic/pattern_noise/004-003_21957.png
004-003_21957,004-003,1,color_shift,data/e05_synthetic/color_shift/004-003_21957.png
004-003_21957,004-003,1,pattern_noise_jitter,data/e05_synthetic/pattern_noise_jitter/004-003_21957.png
004-003_21957,004-003,1,color_shift_jitter,data/e05_synthetic/color_shift_jitter/004-003_21957.png
004-003_22146,004-003,2,clean,data/e05_synthetic/clean/004-003_22146.png
004-003_22146,004-003,2,pattern_noise,data/e05_synthetic/pattern_noise/004-003_22146.png
004-003_22146,004-003,2,color_shift,data/e05_synthetic/color_shift/004-003_22146.png
004-003_22146,004-003,2,pattern_noise_jitter,data/e05_synthetic/pattern_noise_jitter/004-003_22146.png
004-003_22146,004-003,2,color_shift_jitter,data/e05_synthetic/color_shift_jitter/004-003_22146.png
004-003_22319,004-003,1,clean,data/e05_synthetic/clean/004-003_22319.png
004-003_22319,004-003,1,pattern_noise,data/e05_synthetic/pattern_noise/004-003_22319.png
004-003_22319,004-003,1,color_shift,data/e05_synthetic/color_shift/004-003_22319.png
004-003_22319,004-003,1,pattern_noise_jitter,data/e05_synthetic/pattern_noise_jitter/004-003_22319.png
004-003_22319,004-003,1,color_shift_jitter,data/e05_synthetic/color_shift_jitter/004-003_22319.png
